-- MySQL dump 10.13  Distrib 5.1.58, for debian-linux-gnu (x86_64)
--
-- Host: localhost    Database: hackfest_development
-- ------------------------------------------------------
-- Server version	5.1.58-1ubuntu1

/*!40101 SET @OLD_CHARACTER_SET_CLIENT=@@CHARACTER_SET_CLIENT */;
/*!40101 SET @OLD_CHARACTER_SET_RESULTS=@@CHARACTER_SET_RESULTS */;
/*!40101 SET @OLD_COLLATION_CONNECTION=@@COLLATION_CONNECTION */;
/*!40101 SET NAMES utf8 */;
/*!40103 SET @OLD_TIME_ZONE=@@TIME_ZONE */;
/*!40103 SET TIME_ZONE='+00:00' */;
/*!40014 SET @OLD_UNIQUE_CHECKS=@@UNIQUE_CHECKS, UNIQUE_CHECKS=0 */;
/*!40014 SET @OLD_FOREIGN_KEY_CHECKS=@@FOREIGN_KEY_CHECKS, FOREIGN_KEY_CHECKS=0 */;
/*!40101 SET @OLD_SQL_MODE=@@SQL_MODE, SQL_MODE='NO_AUTO_VALUE_ON_ZERO' */;
/*!40111 SET @OLD_SQL_NOTES=@@SQL_NOTES, SQL_NOTES=0 */;

--
-- Current Database: `hackfest_development`
--

CREATE DATABASE /*!32312 IF NOT EXISTS*/ `hackfest_development` /*!40100 DEFAULT CHARACTER SET utf8 COLLATE utf8_unicode_ci */;

USE `hackfest_development`;

--
-- Table structure for table `active_admin_comments`
--

DROP TABLE IF EXISTS `active_admin_comments`;
/*!40101 SET @saved_cs_client     = @@character_set_client */;
/*!40101 SET character_set_client = utf8 */;
CREATE TABLE `active_admin_comments` (
  `id` int(11) NOT NULL AUTO_INCREMENT,
  `resource_id` varchar(255) COLLATE utf8_unicode_ci NOT NULL,
  `resource_type` varchar(255) COLLATE utf8_unicode_ci NOT NULL,
  `author_id` int(11) DEFAULT NULL,
  `author_type` varchar(255) COLLATE utf8_unicode_ci DEFAULT NULL,
  `body` text COLLATE utf8_unicode_ci,
  `created_at` datetime NOT NULL,
  `updated_at` datetime NOT NULL,
  `namespace` varchar(255) COLLATE utf8_unicode_ci DEFAULT NULL,
  PRIMARY KEY (`id`),
  KEY `index_admin_notes_on_resource_type_and_resource_id` (`resource_type`,`resource_id`),
  KEY `index_active_admin_comments_on_namespace` (`namespace`),
  KEY `index_active_admin_comments_on_author_type_and_author_id` (`author_type`,`author_id`)
) ENGINE=InnoDB DEFAULT CHARSET=utf8 COLLATE=utf8_unicode_ci;
/*!40101 SET character_set_client = @saved_cs_client */;

--
-- Dumping data for table `active_admin_comments`
--

LOCK TABLES `active_admin_comments` WRITE;
/*!40000 ALTER TABLE `active_admin_comments` DISABLE KEYS */;
/*!40000 ALTER TABLE `active_admin_comments` ENABLE KEYS */;
UNLOCK TABLES;

--
-- Table structure for table `admin_users`
--

DROP TABLE IF EXISTS `admin_users`;
/*!40101 SET @saved_cs_client     = @@character_set_client */;
/*!40101 SET character_set_client = utf8 */;
CREATE TABLE `admin_users` (
  `id` int(11) NOT NULL AUTO_INCREMENT,
  `email` varchar(255) COLLATE utf8_unicode_ci NOT NULL DEFAULT '',
  `encrypted_password` varchar(255) COLLATE utf8_unicode_ci NOT NULL DEFAULT '',
  `reset_password_token` varchar(255) COLLATE utf8_unicode_ci DEFAULT NULL,
  `reset_password_sent_at` datetime DEFAULT NULL,
  `remember_created_at` datetime DEFAULT NULL,
  `sign_in_count` int(11) DEFAULT '0',
  `current_sign_in_at` datetime DEFAULT NULL,
  `last_sign_in_at` datetime DEFAULT NULL,
  `current_sign_in_ip` varchar(255) COLLATE utf8_unicode_ci DEFAULT NULL,
  `last_sign_in_ip` varchar(255) COLLATE utf8_unicode_ci DEFAULT NULL,
  `created_at` datetime NOT NULL,
  `updated_at` datetime NOT NULL,
  PRIMARY KEY (`id`),
  UNIQUE KEY `index_admin_users_on_email` (`email`),
  UNIQUE KEY `index_admin_users_on_reset_password_token` (`reset_password_token`)
) ENGINE=InnoDB AUTO_INCREMENT=2 DEFAULT CHARSET=utf8 COLLATE=utf8_unicode_ci;
/*!40101 SET character_set_client = @saved_cs_client */;

--
-- Dumping data for table `admin_users`
--

LOCK TABLES `admin_users` WRITE;
/*!40000 ALTER TABLE `admin_users` DISABLE KEYS */;
INSERT INTO `admin_users` VALUES (1,'admin@example.com','$2a$10$i4b0vGoFW3NZh6d2N5.9MeZv5g4qs8eqBe0euv2q8azvm1bjILJxq',NULL,NULL,'2012-04-14 19:31:19',3,'2012-04-14 19:31:19','2012-04-14 07:12:27','127.0.0.1','127.0.0.1','2012-04-14 00:00:46','2012-04-14 19:31:19');
/*!40000 ALTER TABLE `admin_users` ENABLE KEYS */;
UNLOCK TABLES;

--
-- Table structure for table `departures`
--

DROP TABLE IF EXISTS `departures`;
/*!40101 SET @saved_cs_client     = @@character_set_client */;
/*!40101 SET character_set_client = utf8 */;
CREATE TABLE `departures` (
  `id` int(11) NOT NULL AUTO_INCREMENT,
  `departing_at` time DEFAULT NULL,
  `location_id` int(11) DEFAULT NULL,
  `route_id` int(11) DEFAULT NULL,
  `created_at` datetime NOT NULL,
  `updated_at` datetime NOT NULL,
  PRIMARY KEY (`id`)
) ENGINE=InnoDB AUTO_INCREMENT=342 DEFAULT CHARSET=utf8 COLLATE=utf8_unicode_ci;
/*!40101 SET character_set_client = @saved_cs_client */;

--
-- Dumping data for table `departures`
--

LOCK TABLES `departures` WRITE;
/*!40000 ALTER TABLE `departures` DISABLE KEYS */;
INSERT INTO `departures` VALUES (35,'14:03:00',8,2,'2012-04-14 12:36:49','2012-04-14 20:09:30'),(36,'14:23:00',8,2,'2012-04-14 12:36:49','2012-04-14 20:09:30'),(37,'14:40:00',8,2,'2012-04-14 12:36:50','2012-04-14 20:09:30'),(38,'15:00:00',8,2,'2012-04-14 12:36:50','2012-04-14 20:09:30'),(39,'15:18:00',8,2,'2012-04-14 12:36:50','2012-04-14 20:09:30'),(40,'15:28:00',8,2,'2012-04-14 12:36:50','2012-04-14 20:09:30'),(41,'15:43:00',8,2,'2012-04-14 12:36:50','2012-04-14 20:09:30'),(42,'16:03:00',8,2,'2012-04-14 12:36:50','2012-04-14 20:09:30'),(43,'16:18:00',8,2,'2012-04-14 12:36:50','2012-04-14 20:09:30'),(44,'16:38:00',8,2,'2012-04-14 12:36:50','2012-04-14 20:09:30'),(45,'16:53:00',8,2,'2012-04-14 12:36:50','2012-04-14 20:09:31'),(46,'17:08:00',8,2,'2012-04-14 12:36:50','2012-04-14 20:09:31'),(47,'17:23:00',8,2,'2012-04-14 12:36:50','2012-04-14 20:09:31'),(48,'17:43:00',8,2,'2012-04-14 12:36:50','2012-04-14 20:09:31'),(49,'18:08:00',8,2,'2012-04-14 12:36:50','2012-04-14 20:09:31'),(50,'18:38:00',8,2,'2012-04-14 12:36:50','2012-04-14 20:09:31'),(51,'18:58:00',8,2,'2012-04-14 12:36:50','2012-04-14 20:09:31'),(52,'05:45:00',175,4,'2012-04-14 14:38:07','2012-04-14 20:09:31'),(53,'07:05:00',175,4,'2012-04-14 14:38:07','2012-04-14 20:09:31'),(54,'08:20:00',175,4,'2012-04-14 14:38:07','2012-04-14 20:09:31'),(55,'14:05:00',175,4,'2012-04-14 14:38:07','2012-04-14 20:09:31'),(56,'15:20:00',175,4,'2012-04-14 14:38:07','2012-04-14 20:09:31'),(57,'16:40:00',175,4,'2012-04-14 14:38:07','2012-04-14 20:09:31'),(58,'20:40:00',175,4,'2012-04-14 14:38:07','2012-04-14 20:09:31'),(60,'22:05:00',175,4,'2012-04-14 14:38:23','2012-04-14 20:09:31'),(61,'05:46:00',181,4,'2012-04-14 14:41:56','2012-04-14 20:09:31'),(62,'07:06:00',181,4,'2012-04-14 14:41:56','2012-04-14 20:09:31'),(63,'08:21:00',181,4,'2012-04-14 14:41:57','2012-04-14 20:09:31'),(64,'14:06:00',181,4,'2012-04-14 14:41:57','2012-04-14 20:09:31'),(65,'15:21:00',181,4,'2012-04-14 14:41:57','2012-04-14 20:09:31'),(66,'16:41:00',181,4,'2012-04-14 14:41:57','2012-04-14 20:09:31'),(67,'20:41:00',181,4,'2012-04-14 14:41:57','2012-04-14 20:09:32'),(68,'22:06:00',181,4,'2012-04-14 14:41:57','2012-04-14 20:09:32'),(69,'05:47:00',187,4,'2012-04-14 14:44:10','2012-04-14 20:09:32'),(70,'07:08:00',187,4,'2012-04-14 14:44:10','2012-04-14 20:09:32'),(71,'08:23:00',187,4,'2012-04-14 14:44:10','2012-04-14 20:09:32'),(72,'14:08:00',187,4,'2012-04-14 14:44:10','2012-04-14 20:09:32'),(73,'15:23:00',187,4,'2012-04-14 14:44:10','2012-04-14 20:09:32'),(74,'16:43:00',187,4,'2012-04-14 14:44:10','2012-04-14 20:09:32'),(75,'20:42:00',187,4,'2012-04-14 14:44:10','2012-04-14 20:09:32'),(76,'22:07:00',187,4,'2012-04-14 14:44:10','2012-04-14 20:09:32'),(93,'04:30:00',131,5,'2012-04-15 01:40:25','2012-04-15 01:40:25'),(94,'04:50:00',131,5,'2012-04-15 01:40:25','2012-04-15 01:40:25'),(95,'05:10:00',131,5,'2012-04-15 01:40:25','2012-04-15 01:40:25'),(96,'05:30:00',131,5,'2012-04-15 01:40:25','2012-04-15 01:40:25'),(97,'05:45:00',131,5,'2012-04-15 01:40:25','2012-04-15 01:40:25'),(98,'06:00:00',131,5,'2012-04-15 01:40:25','2012-04-15 01:40:25'),(99,'06:15:00',131,5,'2012-04-15 01:40:25','2012-04-15 01:40:25'),(100,'06:30:00',131,5,'2012-04-15 01:40:25','2012-04-15 01:40:25'),(101,'06:45:00',131,5,'2012-04-15 01:40:25','2012-04-15 01:40:25'),(102,'07:00:00',131,5,'2012-04-15 01:40:25','2012-04-15 01:40:25'),(103,'07:15:00',131,5,'2012-04-15 01:40:25','2012-04-15 01:40:25'),(104,'07:30:00',131,5,'2012-04-15 01:40:25','2012-04-15 01:40:25'),(105,'07:50:00',131,5,'2012-04-15 01:40:25','2012-04-15 01:40:25'),(106,'08:05:00',131,5,'2012-04-15 01:40:26','2012-04-15 01:40:26'),(107,'08:20:00',131,5,'2012-04-15 01:40:26','2012-04-15 01:40:26'),(108,'08:40:00',131,5,'2012-04-15 01:40:26','2012-04-15 01:40:26'),(109,'09:05:00',131,5,'2012-04-15 01:40:38','2012-04-15 01:40:38'),(110,'09:20:00',131,5,'2012-04-15 01:40:38','2012-04-15 01:40:38'),(111,'09:35:00',131,5,'2012-04-15 01:40:38','2012-04-15 01:40:38'),(112,'09:50:00',131,5,'2012-04-15 01:40:38','2012-04-15 01:40:38'),(113,'10:15:00',131,5,'2012-04-15 01:40:38','2012-04-15 01:40:38'),(114,'10:40:00',131,5,'2012-04-15 01:40:38','2012-04-15 01:40:38'),(115,'10:55:00',131,5,'2012-04-15 01:40:38','2012-04-15 01:40:38'),(116,'11:10:00',131,5,'2012-04-15 01:40:38','2012-04-15 01:40:38'),(117,'11:25:00',131,5,'2012-04-15 01:40:38','2012-04-15 01:40:38'),(118,'11:45:00',131,5,'2012-04-15 01:40:38','2012-04-15 01:40:38'),(119,'12:00:00',131,5,'2012-04-15 01:40:38','2012-04-15 01:40:38'),(120,'12:15:00',131,5,'2012-04-15 01:40:38','2012-04-15 01:40:38'),(121,'12:30:00',131,5,'2012-04-15 01:40:39','2012-04-15 01:40:39'),(122,'12:45:00',131,5,'2012-04-15 01:40:39','2012-04-15 01:40:39'),(123,'13:00:00',131,5,'2012-04-15 01:40:50','2012-04-15 01:40:50'),(124,'13:15:00',131,5,'2012-04-15 01:40:50','2012-04-15 01:40:50'),(125,'13:35:00',131,5,'2012-04-15 01:40:50','2012-04-15 01:40:50'),(126,'14:00:00',131,5,'2012-04-15 01:40:50','2012-04-15 01:40:50'),(127,'14:15:00',131,5,'2012-04-15 01:40:50','2012-04-15 01:40:50'),(128,'14:27:00',131,5,'2012-04-15 01:40:50','2012-04-15 01:40:50'),(129,'14:45:00',131,5,'2012-04-15 01:40:51','2012-04-15 01:40:51'),(130,'15:00:00',131,5,'2012-04-15 01:40:51','2012-04-15 01:40:51'),(131,'15:15:00',131,5,'2012-04-15 01:40:51','2012-04-15 01:40:51'),(132,'15:35:00',131,5,'2012-04-15 01:40:51','2012-04-15 01:40:51'),(133,'15:55:00',131,5,'2012-04-15 01:40:51','2012-04-15 01:40:51'),(134,'16:15:00',131,5,'2012-04-15 01:40:51','2012-04-15 01:40:51'),(135,'16:30:00',131,5,'2012-04-15 01:40:51','2012-04-15 01:40:51'),(136,'16:45:00',131,5,'2012-04-15 01:41:14','2012-04-15 01:41:14'),(137,'17:00:00',131,5,'2012-04-15 01:41:14','2012-04-15 01:41:14'),(138,'17:25:00',131,5,'2012-04-15 01:41:14','2012-04-15 01:41:14'),(139,'17:50:00',131,5,'2012-04-15 01:41:14','2012-04-15 01:41:14'),(140,'18:10:00',131,5,'2012-04-15 01:41:14','2012-04-15 01:41:14'),(141,'18:25:00',131,5,'2012-04-15 01:41:14','2012-04-15 01:41:14'),(142,'18:40:00',131,5,'2012-04-15 01:41:14','2012-04-15 01:41:14'),(143,'18:55:00',131,5,'2012-04-15 01:41:14','2012-04-15 01:41:14'),(144,'19:15:00',131,5,'2012-04-15 01:41:15','2012-04-15 01:41:15'),(145,'19:35:00',131,5,'2012-04-15 01:41:15','2012-04-15 01:41:15'),(146,'19:49:00',131,5,'2012-04-15 01:41:15','2012-04-15 01:41:15'),(147,'19:55:00',131,5,'2012-04-15 01:41:15','2012-04-15 01:41:15'),(148,'20:20:00',131,5,'2012-04-15 01:41:15','2012-04-15 01:41:15'),(149,'20:23:00',131,5,'2012-04-15 01:41:26','2012-04-15 01:41:26'),(150,'20:40:00',131,5,'2012-04-15 01:41:26','2012-04-15 01:41:26'),(151,'21:10:00',131,5,'2012-04-15 01:41:26','2012-04-15 01:41:26'),(152,'21:30:00',131,5,'2012-04-15 01:41:26','2012-04-15 01:41:26'),(153,'22:05:00',131,5,'2012-04-15 01:41:26','2012-04-15 01:41:26'),(154,'22:08:00',131,5,'2012-04-15 01:41:26','2012-04-15 01:41:26'),(155,'22:23:00',131,5,'2012-04-15 01:41:26','2012-04-15 01:41:26'),(156,'04:31:00',200,5,'2012-04-15 01:46:35','2012-04-15 01:46:35'),(157,'04:51:00',200,5,'2012-04-15 01:46:35','2012-04-15 01:46:35'),(158,'05:11:00',200,5,'2012-04-15 01:46:35','2012-04-15 01:46:35'),(159,'05:31:00',200,5,'2012-04-15 01:46:35','2012-04-15 01:46:35'),(160,'05:46:00',200,5,'2012-04-15 01:46:35','2012-04-15 01:46:35'),(161,'06:01:00',200,5,'2012-04-15 01:46:35','2012-04-15 01:46:35'),(162,'06:16:00',200,5,'2012-04-15 01:46:35','2012-04-15 01:46:35'),(163,'06:31:00',200,5,'2012-04-15 01:46:35','2012-04-15 01:46:35'),(164,'06:46:00',200,5,'2012-04-15 01:46:35','2012-04-15 01:46:35'),(165,'07:01:00',200,5,'2012-04-15 01:46:35','2012-04-15 01:46:35'),(166,'07:16:00',200,5,'2012-04-15 01:46:35','2012-04-15 01:46:35'),(167,'07:31:00',200,5,'2012-04-15 01:46:35','2012-04-15 01:46:35'),(168,'07:51:00',200,5,'2012-04-15 01:46:35','2012-04-15 01:46:35'),(169,'08:06:00',200,5,'2012-04-15 01:46:35','2012-04-15 01:46:35'),(170,'08:21:00',200,5,'2012-04-15 01:46:35','2012-04-15 01:46:35'),(171,'08:41:00',200,5,'2012-04-15 01:46:35','2012-04-15 01:46:35'),(172,'09:06:00',200,5,'2012-04-15 01:46:48','2012-04-15 01:46:48'),(173,'09:21:00',200,5,'2012-04-15 01:46:48','2012-04-15 01:46:48'),(174,'09:36:00',200,5,'2012-04-15 01:46:48','2012-04-15 01:46:48'),(175,'09:51:00',200,5,'2012-04-15 01:46:48','2012-04-15 01:46:48'),(176,'10:16:00',200,5,'2012-04-15 01:46:48','2012-04-15 01:46:48'),(177,'10:41:00',200,5,'2012-04-15 01:46:48','2012-04-15 01:46:48'),(178,'10:56:00',200,5,'2012-04-15 01:46:48','2012-04-15 01:46:48'),(179,'11:11:00',200,5,'2012-04-15 01:46:48','2012-04-15 01:46:48'),(180,'11:26:00',200,5,'2012-04-15 01:46:48','2012-04-15 01:46:48'),(181,'11:46:00',200,5,'2012-04-15 01:46:48','2012-04-15 01:46:48'),(182,'12:01:00',200,5,'2012-04-15 01:46:48','2012-04-15 01:46:48'),(183,'12:16:00',200,5,'2012-04-15 01:46:48','2012-04-15 01:46:48'),(184,'12:31:00',200,5,'2012-04-15 01:46:48','2012-04-15 01:46:48'),(185,'12:46:00',200,5,'2012-04-15 01:46:48','2012-04-15 01:46:48'),(186,'13:01:00',200,5,'2012-04-15 01:48:05','2012-04-15 01:48:05'),(187,'13:16:00',200,5,'2012-04-15 01:48:05','2012-04-15 01:48:05'),(188,'13:36:00',200,5,'2012-04-15 01:48:05','2012-04-15 01:48:05'),(189,'14:01:00',200,5,'2012-04-15 01:48:05','2012-04-15 01:48:05'),(190,'14:16:00',200,5,'2012-04-15 01:48:05','2012-04-15 01:48:05'),(191,'14:28:00',200,5,'2012-04-15 01:48:05','2012-04-15 01:48:05'),(192,'14:46:00',200,5,'2012-04-15 01:48:05','2012-04-15 01:48:05'),(193,'15:01:00',200,5,'2012-04-15 01:48:05','2012-04-15 01:48:05'),(194,'15:16:00',200,5,'2012-04-15 01:48:06','2012-04-15 01:48:06'),(195,'15:36:00',200,5,'2012-04-15 01:48:06','2012-04-15 01:48:06'),(196,'15:56:00',200,5,'2012-04-15 01:48:06','2012-04-15 01:48:06'),(197,'16:16:00',200,5,'2012-04-15 01:48:06','2012-04-15 01:48:06'),(198,'16:31:00',200,5,'2012-04-15 01:48:06','2012-04-15 01:48:06'),(199,'16:46:00',200,5,'2012-04-15 01:48:38','2012-04-15 01:48:38'),(200,'17:01:00',200,5,'2012-04-15 01:48:38','2012-04-15 01:48:38'),(201,'17:26:00',200,5,'2012-04-15 01:48:38','2012-04-15 01:48:38'),(202,'17:51:00',200,5,'2012-04-15 01:48:38','2012-04-15 01:48:38'),(203,'18:11:00',200,5,'2012-04-15 01:48:38','2012-04-15 01:48:38'),(204,'18:26:00',200,5,'2012-04-15 01:48:38','2012-04-15 01:48:38'),(205,'18:41:00',200,5,'2012-04-15 01:48:38','2012-04-15 01:48:38'),(206,'18:56:00',200,5,'2012-04-15 01:48:38','2012-04-15 01:48:38'),(207,'19:16:00',200,5,'2012-04-15 01:48:38','2012-04-15 01:48:38'),(208,'19:36:00',200,5,'2012-04-15 01:48:38','2012-04-15 01:48:38'),(209,'19:50:00',200,5,'2012-04-15 01:48:38','2012-04-15 01:48:38'),(210,'19:56:00',200,5,'2012-04-15 01:48:38','2012-04-15 01:48:38'),(211,'20:21:00',200,5,'2012-04-15 01:48:38','2012-04-15 01:48:38'),(212,'20:41:00',200,5,'2012-04-15 01:48:38','2012-04-15 01:48:38'),(213,'21:11:00',200,5,'2012-04-15 01:48:38','2012-04-15 01:48:38'),(214,'21:31:00',200,5,'2012-04-15 01:48:38','2012-04-15 01:48:38'),(215,'22:06:00',200,5,'2012-04-15 01:48:39','2012-04-15 01:48:39'),(216,'22:09:00',200,5,'2012-04-15 01:48:39','2012-04-15 01:48:39'),(217,'22:24:00',200,5,'2012-04-15 01:48:39','2012-04-15 01:48:39'),(218,'20:24:00',200,5,'2012-04-15 01:49:12','2012-04-15 01:49:12'),(219,'04:32:00',210,5,'2012-04-15 01:54:19','2012-04-15 01:54:19'),(220,'04:52:00',210,5,'2012-04-15 01:54:19','2012-04-15 01:54:19'),(221,'05:12:00',210,5,'2012-04-15 01:54:19','2012-04-15 01:54:19'),(222,'05:32:00',210,5,'2012-04-15 01:54:19','2012-04-15 01:54:19'),(223,'05:47:00',210,5,'2012-04-15 01:54:31','2012-04-15 01:54:31'),(224,'06:02:00',210,5,'2012-04-15 01:54:31','2012-04-15 01:54:31'),(225,'06:17:00',210,5,'2012-04-15 01:54:31','2012-04-15 01:54:31'),(226,'06:32:00',210,5,'2012-04-15 01:54:31','2012-04-15 01:54:31'),(227,'06:47:00',210,5,'2012-04-15 01:54:31','2012-04-15 01:54:31'),(228,'07:02:00',210,5,'2012-04-15 01:54:31','2012-04-15 01:54:31'),(229,'07:17:00',210,5,'2012-04-15 01:54:31','2012-04-15 01:54:31'),(230,'07:32:00',210,5,'2012-04-15 01:54:31','2012-04-15 01:54:31'),(231,'07:52:00',210,5,'2012-04-15 01:54:31','2012-04-15 01:54:31'),(232,'08:07:00',210,5,'2012-04-15 01:54:32','2012-04-15 01:54:32'),(233,'08:22:00',210,5,'2012-04-15 01:54:32','2012-04-15 01:54:32'),(234,'08:42:00',210,5,'2012-04-15 01:54:32','2012-04-15 01:54:32'),(235,'09:07:00',210,5,'2012-04-15 01:54:32','2012-04-15 01:54:32'),(236,'09:22:00',210,5,'2012-04-15 01:54:32','2012-04-15 01:54:32'),(237,'09:37:00',210,5,'2012-04-15 01:54:32','2012-04-15 01:54:32'),(238,'09:52:00',210,5,'2012-04-15 01:54:32','2012-04-15 01:54:32'),(239,'10:17:00',210,5,'2012-04-15 01:54:32','2012-04-15 01:54:32'),(240,'10:42:00',210,5,'2012-04-15 01:54:32','2012-04-15 01:54:32'),(241,'10:57:00',210,5,'2012-04-15 01:54:32','2012-04-15 01:54:32'),(242,'11:12:00',210,5,'2012-04-15 01:54:32','2012-04-15 01:54:32'),(243,'11:27:00',210,5,'2012-04-15 01:54:32','2012-04-15 01:54:32'),(244,'11:47:00',210,5,'2012-04-15 01:54:32','2012-04-15 01:54:32'),(245,'12:02:00',210,5,'2012-04-15 01:54:32','2012-04-15 01:54:32'),(246,'12:17:00',210,5,'2012-04-15 01:54:32','2012-04-15 01:54:32'),(247,'12:32:00',210,5,'2012-04-15 01:54:32','2012-04-15 01:54:32'),(248,'12:47:00',210,5,'2012-04-15 01:54:32','2012-04-15 01:54:32'),(249,'13:02:00',210,5,'2012-04-15 01:54:32','2012-04-15 01:54:32'),(250,'13:17:00',210,5,'2012-04-15 01:54:32','2012-04-15 01:54:32'),(251,'13:37:00',210,5,'2012-04-15 01:54:32','2012-04-15 01:54:32'),(252,'14:02:00',210,5,'2012-04-15 01:54:32','2012-04-15 01:54:32'),(253,'14:17:00',210,5,'2012-04-15 01:54:32','2012-04-15 01:54:32'),(254,'14:29:00',210,5,'2012-04-15 01:54:32','2012-04-15 01:54:32'),(255,'14:47:00',210,5,'2012-04-15 01:54:32','2012-04-15 01:54:32'),(256,'15:02:00',210,5,'2012-04-15 01:54:32','2012-04-15 01:54:32'),(257,'15:17:00',210,5,'2012-04-15 01:54:32','2012-04-15 01:54:32'),(258,'15:37:00',210,5,'2012-04-15 01:54:32','2012-04-15 01:54:32'),(259,'15:57:00',210,5,'2012-04-15 01:54:32','2012-04-15 01:54:32'),(260,'16:17:00',210,5,'2012-04-15 01:54:33','2012-04-15 01:54:33'),(261,'16:32:00',210,5,'2012-04-15 01:54:33','2012-04-15 01:54:33'),(262,'16:47:00',210,5,'2012-04-15 01:54:33','2012-04-15 01:54:33'),(263,'17:02:00',210,5,'2012-04-15 01:54:33','2012-04-15 01:54:33'),(264,'17:27:00',210,5,'2012-04-15 01:54:33','2012-04-15 01:54:33'),(265,'17:52:00',210,5,'2012-04-15 01:54:33','2012-04-15 01:54:33'),(266,'18:12:00',210,5,'2012-04-15 01:54:33','2012-04-15 01:54:33'),(267,'18:27:00',210,5,'2012-04-15 01:54:33','2012-04-15 01:54:33'),(268,'18:42:00',210,5,'2012-04-15 01:54:33','2012-04-15 01:54:33'),(269,'18:57:00',210,5,'2012-04-15 01:54:33','2012-04-15 01:54:33'),(270,'19:17:00',210,5,'2012-04-15 01:54:33','2012-04-15 01:54:33'),(271,'19:37:00',210,5,'2012-04-15 01:54:33','2012-04-15 01:54:33'),(272,'19:51:00',210,5,'2012-04-15 01:54:33','2012-04-15 01:54:33'),(273,'19:57:00',210,5,'2012-04-15 01:54:33','2012-04-15 01:54:33'),(274,'20:22:00',210,5,'2012-04-15 01:54:33','2012-04-15 01:54:33'),(275,'20:25:00',210,5,'2012-04-15 01:54:33','2012-04-15 01:54:33'),(276,'20:42:00',210,5,'2012-04-15 01:54:33','2012-04-15 01:54:33'),(277,'21:12:00',210,5,'2012-04-15 01:54:33','2012-04-15 01:54:33'),(278,'21:32:00',210,5,'2012-04-15 01:54:33','2012-04-15 01:54:33'),(279,'22:07:00',210,5,'2012-04-15 01:54:33','2012-04-15 01:54:33'),(280,'22:10:00',210,5,'2012-04-15 01:54:33','2012-04-15 01:54:33'),(281,'22:25:00',210,5,'2012-04-15 01:54:33','2012-04-15 01:54:33'),(282,'04:31:00',221,5,'2012-04-15 01:56:05','2012-04-15 01:56:05'),(283,'04:33:00',221,5,'2012-04-15 01:56:06','2012-04-15 01:56:06'),(284,'04:53:00',221,5,'2012-04-15 01:56:06','2012-04-15 01:56:06'),(285,'05:13:00',221,5,'2012-04-15 01:56:06','2012-04-15 01:56:06'),(286,'05:34:00',221,5,'2012-04-15 01:56:06','2012-04-15 01:56:06'),(287,'05:49:00',221,5,'2012-04-15 01:56:06','2012-04-15 01:56:06'),(288,'06:04:00',221,5,'2012-04-15 01:56:06','2012-04-15 01:56:06'),(289,'06:19:00',221,5,'2012-04-15 01:56:06','2012-04-15 01:56:06'),(290,'06:34:00',221,5,'2012-04-15 01:56:06','2012-04-15 01:56:06'),(291,'06:49:00',221,5,'2012-04-15 01:56:06','2012-04-15 01:56:06'),(292,'07:04:00',221,5,'2012-04-15 01:56:06','2012-04-15 01:56:06'),(293,'07:19:00',221,5,'2012-04-15 01:56:06','2012-04-15 01:56:06'),(294,'07:39:00',221,5,'2012-04-15 01:56:06','2012-04-15 01:56:06'),(295,'07:54:00',221,5,'2012-04-15 01:56:06','2012-04-15 01:56:06'),(296,'08:09:00',221,5,'2012-04-15 01:56:06','2012-04-15 01:56:06'),(297,'08:24:00',221,5,'2012-04-15 01:56:06','2012-04-15 01:56:06'),(298,'08:44:00',221,5,'2012-04-15 01:56:06','2012-04-15 01:56:06'),(299,'09:09:00',221,5,'2012-04-15 01:56:06','2012-04-15 01:56:06'),(300,'09:24:00',221,5,'2012-04-15 01:56:06','2012-04-15 01:56:06'),(301,'09:39:00',221,5,'2012-04-15 01:56:06','2012-04-15 01:56:06'),(302,'09:54:00',221,5,'2012-04-15 01:56:06','2012-04-15 01:56:06'),(303,'10:19:00',221,5,'2012-04-15 01:56:06','2012-04-15 01:56:06'),(304,'10:44:00',221,5,'2012-04-15 01:56:06','2012-04-15 01:56:06'),(305,'10:59:00',221,5,'2012-04-15 01:56:06','2012-04-15 01:56:06'),(306,'11:14:00',221,5,'2012-04-15 01:56:06','2012-04-15 01:56:06'),(307,'11:29:00',221,5,'2012-04-15 01:56:06','2012-04-15 01:56:06'),(308,'11:49:00',221,5,'2012-04-15 01:56:06','2012-04-15 01:56:06'),(309,'12:04:00',221,5,'2012-04-15 01:56:06','2012-04-15 01:56:06'),(310,'12:19:00',221,5,'2012-04-15 01:56:06','2012-04-15 01:56:06'),(311,'12:34:00',221,5,'2012-04-15 01:56:07','2012-04-15 01:56:07'),(312,'12:49:00',221,5,'2012-04-15 01:56:07','2012-04-15 01:56:07'),(313,'13:04:00',221,5,'2012-04-15 01:56:07','2012-04-15 01:56:07'),(314,'13:19:00',221,5,'2012-04-15 01:56:07','2012-04-15 01:56:07'),(315,'13:39:00',221,5,'2012-04-15 01:56:07','2012-04-15 01:56:07'),(316,'14:04:00',221,5,'2012-04-15 01:56:07','2012-04-15 01:56:07'),(317,'14:19:00',221,5,'2012-04-15 01:56:07','2012-04-15 01:56:07'),(318,'14:31:00',221,5,'2012-04-15 01:56:07','2012-04-15 01:56:07'),(319,'14:49:00',221,5,'2012-04-15 01:56:07','2012-04-15 01:56:07'),(320,'15:04:00',221,5,'2012-04-15 01:56:07','2012-04-15 01:56:07'),(321,'15:19:00',221,5,'2012-04-15 01:56:07','2012-04-15 01:56:07'),(322,'15:39:00',221,5,'2012-04-15 01:56:07','2012-04-15 01:56:07'),(323,'15:59:00',221,5,'2012-04-15 01:56:07','2012-04-15 01:56:07'),(324,'16:19:00',221,5,'2012-04-15 01:56:07','2012-04-15 01:56:07'),(325,'16:34:00',221,5,'2012-04-15 01:56:07','2012-04-15 01:56:07'),(326,'16:49:00',221,5,'2012-04-15 01:56:07','2012-04-15 01:56:07'),(327,'17:04:00',221,5,'2012-04-15 01:56:07','2012-04-15 01:56:07'),(328,'17:29:00',221,5,'2012-04-15 01:56:07','2012-04-15 01:56:07'),(329,'17:54:00',221,5,'2012-04-15 01:56:07','2012-04-15 01:56:07'),(330,'18:14:00',221,5,'2012-04-15 01:56:07','2012-04-15 01:56:07'),(331,'18:29:00',221,5,'2012-04-15 01:56:07','2012-04-15 01:56:07'),(332,'18:44:00',221,5,'2012-04-15 01:56:07','2012-04-15 01:56:07'),(333,'18:59:00',221,5,'2012-04-15 01:56:07','2012-04-15 01:56:07'),(334,'19:19:00',221,5,'2012-04-15 01:56:07','2012-04-15 01:56:07'),(335,'19:39:00',221,5,'2012-04-15 01:56:07','2012-04-15 01:56:07'),(336,'19:59:00',221,5,'2012-04-15 01:56:07','2012-04-15 01:56:07'),(337,'20:24:00',221,5,'2012-04-15 01:56:07','2012-04-15 01:56:07'),(338,'20:44:00',221,5,'2012-04-15 01:56:07','2012-04-15 01:56:07'),(339,'21:14:00',221,5,'2012-04-15 01:56:08','2012-04-15 01:56:08'),(340,'21:34:00',221,5,'2012-04-15 01:56:08','2012-04-15 01:56:08'),(341,'22:09:00',221,5,'2012-04-15 01:56:08','2012-04-15 01:56:08');
/*!40000 ALTER TABLE `departures` ENABLE KEYS */;
UNLOCK TABLES;

--
-- Table structure for table `locations`
--

DROP TABLE IF EXISTS `locations`;
/*!40101 SET @saved_cs_client     = @@character_set_client */;
/*!40101 SET character_set_client = utf8 */;
CREATE TABLE `locations` (
  `id` int(11) NOT NULL AUTO_INCREMENT,
  `vstop` tinyint(1) DEFAULT NULL,
  `lat` float DEFAULT NULL,
  `lng` float DEFAULT NULL,
  `name` varchar(255) COLLATE utf8_unicode_ci DEFAULT NULL,
  `created_at` datetime NOT NULL,
  `updated_at` datetime NOT NULL,
  PRIMARY KEY (`id`)
) ENGINE=InnoDB AUTO_INCREMENT=1055 DEFAULT CHARSET=utf8 COLLATE=utf8_unicode_ci;
/*!40101 SET character_set_client = @saved_cs_client */;

--
-- Dumping data for table `locations`
--

LOCK TABLES `locations` WRITE;
/*!40000 ALTER TABLE `locations` DISABLE KEYS */;
INSERT INTO `locations` VALUES (8,1,49.81,19.0232,'Osiedle Beskidzkie','2012-04-14 07:13:58','2012-04-14 07:32:54'),(9,NULL,49.8096,19.0232,NULL,'2012-04-14 07:14:01','2012-04-14 07:14:01'),(10,NULL,49.8094,19.0214,NULL,'2012-04-14 07:14:18','2012-04-14 07:14:18'),(11,NULL,49.8086,19.018,NULL,'2012-04-14 07:14:20','2012-04-14 07:14:20'),(12,NULL,49.8089,19.0171,NULL,'2012-04-14 07:14:25','2012-04-14 07:14:25'),(13,1,49.8092,19.0167,'Szarotki/SAM','2012-04-14 07:14:27','2012-04-14 07:33:04'),(14,NULL,49.8102,19.0148,NULL,'2012-04-14 07:14:43','2012-04-14 07:14:43'),(15,NULL,49.8105,19.0142,NULL,'2012-04-14 07:14:52','2012-04-14 07:14:52'),(16,1,49.8126,19.0122,'Szarotki/Cieszyńska','2012-04-14 07:14:56','2012-04-14 07:33:21'),(17,NULL,49.8128,19.012,NULL,'2012-04-14 07:15:06','2012-04-14 07:15:06'),(18,NULL,49.8129,19.0122,NULL,'2012-04-14 07:15:08','2012-04-14 07:15:08'),(19,NULL,49.8132,19.0134,NULL,'2012-04-14 07:15:39','2012-04-14 07:15:39'),(20,1,49.8142,19.0173,'Cieszyńska/Hulanka','2012-04-14 07:15:43','2012-04-14 07:33:29'),(21,NULL,49.8153,19.022,NULL,'2012-04-14 07:16:08','2012-04-14 07:16:08'),(22,NULL,49.8152,19.0224,NULL,'2012-04-14 07:16:12','2012-04-14 07:16:12'),(23,NULL,49.8153,19.0229,NULL,'2012-04-14 07:16:13','2012-04-14 07:16:13'),(24,NULL,49.8155,19.023,NULL,'2012-04-14 07:16:15','2012-04-14 07:16:15'),(25,0,49.8157,19.0229,NULL,'2012-04-14 07:16:16','2012-04-14 07:16:18'),(26,NULL,49.8159,19.0226,NULL,'2012-04-14 07:16:24','2012-04-14 07:16:24'),(27,NULL,49.8159,19.0223,NULL,'2012-04-14 07:16:26','2012-04-14 07:16:26'),(28,NULL,49.8159,19.0222,NULL,'2012-04-14 07:16:28','2012-04-14 07:16:28'),(29,NULL,49.8167,19.0219,NULL,'2012-04-14 07:16:31','2012-04-14 07:16:31'),(30,NULL,49.8173,19.0218,NULL,'2012-04-14 07:16:33','2012-04-14 07:16:33'),(31,NULL,49.8189,19.0223,NULL,'2012-04-14 07:16:51','2012-04-14 07:16:51'),(32,NULL,49.8204,19.0228,NULL,'2012-04-14 07:16:53','2012-04-14 07:16:53'),(33,1,49.8221,19.0245,'Piastowska/Sobieskiego','2012-04-14 07:17:07','2012-04-14 07:34:10'),(34,NULL,49.8232,19.0257,NULL,'2012-04-14 07:17:55','2012-04-14 07:17:55'),(35,NULL,49.8247,19.0292,NULL,'2012-04-14 07:17:58','2012-04-14 07:17:58'),(36,NULL,49.8256,19.0318,NULL,'2012-04-14 07:18:06','2012-04-14 07:18:06'),(37,1,49.8259,19.0325,'Piastowska/Wyspiańskiego','2012-04-14 07:18:16','2012-04-14 07:34:23'),(38,NULL,49.8265,19.0344,NULL,'2012-04-14 07:18:47','2012-04-14 07:18:47'),(39,NULL,49.8267,19.0356,NULL,'2012-04-14 07:18:48','2012-04-14 07:18:48'),(40,NULL,49.8282,19.0401,NULL,'2012-04-14 07:18:53','2012-04-14 07:18:53'),(41,1,49.8289,19.0424,'Piastowska/Dworzec','2012-04-14 07:18:59','2012-04-14 07:34:33'),(42,NULL,49.8293,19.0442,NULL,'2012-04-14 07:19:03','2012-04-14 07:19:03'),(43,NULL,49.8281,19.0444,NULL,'2012-04-14 07:19:06','2012-04-14 07:19:06'),(44,NULL,49.8269,19.0446,NULL,'2012-04-14 07:19:21','2012-04-14 07:19:21'),(45,NULL,49.8259,19.0446,NULL,'2012-04-14 07:19:22','2012-04-14 07:19:22'),(46,NULL,49.8247,19.0446,NULL,'2012-04-14 07:19:26','2012-04-14 07:19:26'),(47,1,49.8239,19.0447,'Hotel Prezydent','2012-04-14 07:19:29','2012-04-14 07:35:07'),(48,NULL,49.8223,19.045,NULL,'2012-04-14 07:19:39','2012-04-14 07:19:39'),(49,NULL,49.8217,19.0449,NULL,'2012-04-14 07:19:41','2012-04-14 07:19:41'),(50,NULL,49.8208,19.0443,NULL,'2012-04-14 07:19:42','2012-04-14 07:19:42'),(52,1,49.8199,19.0437,'Plac Żwirki i Wigury','2012-04-14 07:19:56','2012-04-14 07:35:13'),(53,NULL,49.8189,19.0435,NULL,'2012-04-14 07:20:04','2012-04-14 07:20:04'),(54,NULL,49.8179,19.0433,NULL,'2012-04-14 07:20:06','2012-04-14 07:20:06'),(55,NULL,49.8169,19.0436,NULL,'2012-04-14 07:20:09','2012-04-14 07:20:09'),(56,NULL,49.8158,19.044,NULL,'2012-04-14 07:20:11','2012-04-14 07:20:11'),(57,1,49.8139,19.0444,'Plac Mickiewicza','2012-04-14 07:20:20','2012-04-14 07:35:34'),(58,NULL,49.8116,19.0453,NULL,'2012-04-14 07:20:53','2012-04-14 07:20:53'),(59,NULL,49.8107,19.0453,NULL,'2012-04-14 07:20:55','2012-04-14 07:20:55'),(60,NULL,49.81,19.0449,NULL,'2012-04-14 07:20:58','2012-04-14 07:20:58'),(61,NULL,49.8095,19.0442,NULL,'2012-04-14 07:21:00','2012-04-14 07:21:00'),(62,1,49.8089,19.0432,'Partyzantów/Apena','2012-04-14 07:21:12','2012-04-14 07:35:42'),(63,NULL,49.8083,19.0428,NULL,'2012-04-14 07:21:23','2012-04-14 07:21:23'),(64,NULL,49.8079,19.0427,NULL,'2012-04-14 07:21:26','2012-04-14 07:21:26'),(65,NULL,49.8075,19.0428,NULL,'2012-04-14 07:21:27','2012-04-14 07:21:27'),(66,NULL,49.8066,19.0429,NULL,'2012-04-14 07:21:30','2012-04-14 07:21:30'),(67,NULL,49.8057,19.0431,NULL,'2012-04-14 07:21:33','2012-04-14 07:21:33'),(68,NULL,49.8049,19.0432,NULL,'2012-04-14 07:21:39','2012-04-14 07:21:39'),(69,NULL,49.8044,19.0433,NULL,'2012-04-14 07:21:42','2012-04-14 07:21:42'),(70,NULL,49.8041,19.0436,NULL,'2012-04-14 07:21:43','2012-04-14 07:21:43'),(71,1,49.8035,19.0446,'Partyzantów/Folwark ','2012-04-14 07:22:43','2012-04-14 07:35:45'),(72,NULL,49.8034,19.0451,NULL,'2012-04-14 07:22:50','2012-04-14 07:22:50'),(73,NULL,49.8031,19.0457,NULL,'2012-04-14 07:22:52','2012-04-14 07:22:52'),(75,NULL,49.8029,19.0462,NULL,'2012-04-14 07:23:02','2012-04-14 07:23:02'),(76,NULL,49.8027,19.0464,NULL,'2012-04-14 07:23:04','2012-04-14 07:23:04'),(77,NULL,49.8026,19.0464,NULL,'2012-04-14 07:23:05','2012-04-14 07:23:05'),(78,NULL,49.8024,19.0462,NULL,'2012-04-14 07:23:09','2012-04-14 07:23:09'),(79,NULL,49.8022,19.0455,NULL,'2012-04-14 07:23:11','2012-04-14 07:23:11'),(80,0,49.8018,19.0447,NULL,'2012-04-14 07:23:14','2012-04-14 07:35:49'),(81,NULL,49.8016,19.0441,NULL,'2012-04-14 07:23:19','2012-04-14 07:23:19'),(82,NULL,49.8015,19.0438,NULL,'2012-04-14 07:23:20','2012-04-14 07:23:20'),(83,NULL,49.8014,19.0436,NULL,'2012-04-14 07:23:22','2012-04-14 07:23:22'),(84,NULL,49.8012,19.0426,NULL,'2012-04-14 07:23:26','2012-04-14 07:23:26'),(85,NULL,49.801,19.0424,NULL,'2012-04-14 07:23:30','2012-04-14 07:23:30'),(86,NULL,49.8008,19.0424,NULL,'2012-04-14 07:23:32','2012-04-14 07:23:32'),(87,NULL,49.8006,19.0421,NULL,'2012-04-14 07:23:33','2012-04-14 07:23:33'),(88,NULL,49.8002,19.0417,NULL,'2012-04-14 07:23:36','2012-04-14 07:23:36'),(89,NULL,49.7998,19.0414,NULL,'2012-04-14 07:23:38','2012-04-14 07:23:38'),(90,NULL,49.7994,19.0412,NULL,'2012-04-14 07:23:40','2012-04-14 07:23:40'),(91,NULL,49.799,19.041,NULL,'2012-04-14 07:23:43','2012-04-14 07:23:43'),(93,NULL,49.7979,19.0401,NULL,'2012-04-14 07:23:50','2012-04-14 07:23:50'),(94,NULL,49.797,19.0396,NULL,'2012-04-14 07:23:53','2012-04-14 07:23:53'),(95,NULL,49.7961,19.0392,NULL,'2012-04-14 07:24:08','2012-04-14 07:24:08'),(96,NULL,49.7952,19.0388,NULL,'2012-04-14 07:24:10','2012-04-14 07:24:10'),(97,1,49.7944,19.0382,'Boboli/Szpital','2012-04-14 07:24:20','2012-04-14 07:36:25'),(98,NULL,49.7942,19.038,NULL,'2012-04-14 07:24:46','2012-04-14 07:24:46'),(99,NULL,49.794,19.0385,NULL,'2012-04-14 07:24:48','2012-04-14 07:24:48'),(100,NULL,49.7938,19.0392,NULL,'2012-04-14 07:24:49','2012-04-14 07:24:49'),(101,NULL,49.7934,19.0402,NULL,'2012-04-14 07:24:52','2012-04-14 07:24:52'),(102,NULL,49.7932,19.0408,NULL,'2012-04-14 07:24:55','2012-04-14 07:24:55'),(103,1,49.7931,19.0411,'Boboli/Szpital','2012-04-14 07:25:13','2012-04-14 07:36:38'),(104,NULL,49.7929,19.0416,NULL,'2012-04-14 07:25:17','2012-04-14 07:25:17'),(105,NULL,49.7928,19.0418,NULL,'2012-04-14 07:25:19','2012-04-14 07:25:19'),(106,NULL,49.7926,19.0419,NULL,'2012-04-14 07:25:20','2012-04-14 07:25:20'),(107,NULL,49.792,19.0421,NULL,'2012-04-14 07:25:22','2012-04-14 07:25:22'),(108,NULL,49.7909,19.0426,NULL,'2012-04-14 07:25:33','2012-04-14 07:25:33'),(109,NULL,49.7907,19.0427,NULL,'2012-04-14 07:25:36','2012-04-14 07:25:36'),(110,NULL,49.7902,19.0433,NULL,'2012-04-14 07:25:37','2012-04-14 07:25:37'),(111,NULL,49.7904,19.0438,NULL,'2012-04-14 07:25:49','2012-04-14 07:25:49'),(112,1,49.7911,19.0449,'Długa/Zajezdnia MZK','2012-04-14 07:25:57','2012-04-14 07:37:00'),(113,0,49.7925,19.047,NULL,'2012-04-14 07:26:49','2012-04-14 07:26:52'),(114,NULL,49.7941,19.051,NULL,'2012-04-14 07:26:55','2012-04-14 07:26:55'),(115,NULL,49.7948,19.0518,NULL,'2012-04-14 07:26:58','2012-04-14 07:26:58'),(118,NULL,49.7953,19.0522,NULL,'2012-04-14 07:27:21','2012-04-14 07:27:21'),(119,1,49.7955,19.0523,'Osiedle Beskidzkie/Kładka','2012-04-14 07:27:30','2012-04-14 07:37:46'),(120,NULL,49.7958,19.0524,NULL,'2012-04-14 07:27:39','2012-04-14 07:27:39'),(121,NULL,49.7954,19.053,NULL,'2012-04-14 07:27:41','2012-04-14 07:27:41'),(122,NULL,49.7943,19.0526,NULL,'2012-04-14 07:27:44','2012-04-14 07:27:44'),(124,1,49.7931,19.052,'Bystrzańska/Olszówka','2012-04-14 07:28:19','2012-04-14 20:39:05'),(125,NULL,49.7922,19.0516,NULL,'2012-04-14 07:28:25','2012-04-14 07:28:25'),(126,NULL,49.7919,19.0512,NULL,'2012-04-14 07:28:56','2012-04-14 07:28:56'),(127,NULL,49.7916,19.0507,NULL,'2012-04-14 07:28:59','2012-04-14 07:28:59'),(128,0,49.7909,19.0494,NULL,'2012-04-14 07:29:27','2012-04-14 10:08:36'),(129,NULL,49.7894,19.0478,NULL,'2012-04-14 07:29:29','2012-04-14 07:29:29'),(130,NULL,49.7888,19.0469,NULL,'2012-04-14 07:29:31','2012-04-14 07:29:31'),(131,1,49.7885,19.0472,'Cygański Las','2012-04-14 07:29:32','2012-04-14 20:37:57'),(132,NULL,49.7844,19.0634,NULL,'2012-04-14 08:30:34','2012-04-14 08:30:34'),(133,NULL,49.7839,19.0722,NULL,'2012-04-14 08:30:35','2012-04-14 08:30:35'),(134,NULL,49.7875,19.0822,NULL,'2012-04-14 08:30:35','2012-04-14 08:30:35'),(135,NULL,49.7893,19.0782,NULL,'2012-04-14 08:30:36','2012-04-14 08:30:36'),(136,NULL,49.7861,19.0428,NULL,'2012-04-14 08:31:36','2012-04-14 08:31:36'),(137,NULL,49.7867,19.0566,NULL,'2012-04-14 08:31:37','2012-04-14 08:31:37'),(138,NULL,49.7834,19.061,NULL,'2012-04-14 08:31:37','2012-04-14 08:31:37'),(139,NULL,49.7768,19.0566,NULL,'2012-04-14 08:31:38','2012-04-14 08:31:38'),(140,NULL,49.7818,19.0372,NULL,'2012-04-14 08:31:38','2012-04-14 08:31:38'),(141,NULL,49.7882,19.0359,NULL,'2012-04-14 08:31:38','2012-04-14 08:31:38'),(142,NULL,49.7823,19.0323,NULL,'2012-04-14 08:33:37','2012-04-14 08:33:37'),(143,NULL,49.7808,19.0709,NULL,'2012-04-14 08:33:37','2012-04-14 08:33:37'),(144,NULL,49.7782,19.053,NULL,'2012-04-14 08:33:49','2012-04-14 08:33:49'),(175,1,49.7848,19.0566,'Mikuszowice/Błonia','2012-04-14 14:18:49','2012-04-14 14:34:39'),(176,NULL,49.7854,19.0571,NULL,'2012-04-14 14:19:01','2012-04-14 14:19:01'),(177,NULL,49.7862,19.058,NULL,'2012-04-14 14:19:04','2012-04-14 14:19:04'),(178,NULL,49.7868,19.0588,NULL,'2012-04-14 14:19:05','2012-04-14 14:19:05'),(179,NULL,49.7874,19.0595,NULL,'2012-04-14 14:19:07','2012-04-14 14:19:07'),(180,NULL,49.7881,19.0603,NULL,'2012-04-14 14:19:10','2012-04-14 14:19:10'),(181,1,49.7882,19.0605,'Szeroka/Bystrzańska','2012-04-14 14:19:17','2012-04-14 14:35:09'),(182,NULL,49.7888,19.0613,NULL,'2012-04-14 14:19:24','2012-04-14 14:19:24'),(183,NULL,49.789,19.0614,NULL,'2012-04-14 14:19:31','2012-04-14 14:19:31'),(184,NULL,49.7892,19.0614,NULL,'2012-04-14 14:19:32','2012-04-14 14:19:32'),(185,NULL,49.7895,19.0611,NULL,'2012-04-14 14:19:34','2012-04-14 14:19:34'),(186,NULL,49.7903,19.0605,NULL,'2012-04-14 14:19:52','2012-04-14 14:19:52'),(187,1,49.7908,19.0602,'Bystrzańska/Bewelana','2012-04-14 14:20:01','2012-04-14 14:35:20'),(188,NULL,49.7915,19.0597,NULL,'2012-04-14 14:20:24','2012-04-14 14:20:24'),(189,NULL,49.7921,19.0592,NULL,'2012-04-14 14:20:39','2012-04-14 14:20:39'),(190,NULL,49.7921,19.0583,NULL,'2012-04-14 14:20:41','2012-04-14 14:20:41'),(191,NULL,49.7922,19.0572,NULL,'2012-04-14 14:20:55','2012-04-14 14:20:55'),(192,1,49.7924,19.0568,'Bystrzańska/Olszówka','2012-04-14 14:21:25','2012-04-14 14:35:33'),(193,NULL,49.7926,19.0564,NULL,'2012-04-14 14:21:29','2012-04-14 14:21:29'),(194,NULL,49.7933,19.0557,NULL,'2012-04-14 14:21:32','2012-04-14 14:21:32'),(195,NULL,49.7939,19.0551,NULL,'2012-04-14 14:21:46','2012-04-14 14:21:46'),(196,NULL,49.7941,19.0546,NULL,'2012-04-14 14:21:48','2012-04-14 14:21:48'),(197,NULL,49.7948,19.0538,NULL,'2012-04-14 14:21:51','2012-04-14 14:21:51'),(198,NULL,49.7951,19.0534,NULL,'2012-04-14 14:22:00','2012-04-14 14:22:00'),(199,NULL,49.7953,19.0533,NULL,'2012-04-14 14:22:01','2012-04-14 14:22:01'),(200,1,49.7955,19.053,'Bystrzańska/Olszówka','2012-04-14 14:22:28','2012-04-14 14:35:35'),(201,NULL,49.7959,19.0524,NULL,'2012-04-14 14:22:57','2012-04-14 14:22:57'),(202,NULL,49.7953,19.0521,NULL,'2012-04-14 14:23:00','2012-04-14 14:23:00'),(203,NULL,49.7947,19.0518,NULL,'2012-04-14 14:23:03','2012-04-14 14:23:03'),(204,NULL,49.7942,19.0512,NULL,'2012-04-14 14:23:05','2012-04-14 14:23:05'),(205,NULL,49.7939,19.0506,NULL,'2012-04-14 14:23:08','2012-04-14 14:23:08'),(206,NULL,49.7934,19.0493,NULL,'2012-04-14 14:23:10','2012-04-14 14:23:10'),(207,NULL,49.7928,19.0478,NULL,'2012-04-14 14:23:12','2012-04-14 14:23:12'),(208,0,49.7925,19.047,NULL,'2012-04-14 14:23:17','2012-04-14 14:23:42'),(210,1,49.7919,19.046,'Długa/Zajezdnia MZK','2012-04-14 14:23:43','2012-04-14 17:52:13'),(211,NULL,49.791,19.0446,NULL,'2012-04-14 14:23:47','2012-04-14 14:23:47'),(212,NULL,49.7903,19.0435,NULL,'2012-04-14 14:23:49','2012-04-14 14:23:49'),(213,NULL,49.7905,19.043,NULL,'2012-04-14 14:24:29','2012-04-14 14:24:29'),(214,NULL,49.7912,19.0425,NULL,'2012-04-14 14:24:31','2012-04-14 14:24:31'),(215,NULL,49.7917,19.0423,NULL,'2012-04-14 14:24:42','2012-04-14 14:24:42'),(216,NULL,49.7928,19.0418,NULL,'2012-04-14 14:24:44','2012-04-14 14:24:44'),(217,NULL,49.7931,19.0413,NULL,'2012-04-14 14:24:45','2012-04-14 14:24:45'),(218,NULL,49.7936,19.0397,NULL,'2012-04-14 14:24:47','2012-04-14 14:24:47'),(219,NULL,49.7941,19.0382,NULL,'2012-04-14 14:24:49','2012-04-14 14:24:49'),(220,NULL,49.7942,19.0382,NULL,'2012-04-14 14:24:50','2012-04-14 14:24:50'),(221,1,49.7949,19.0387,'Armii Krajowej/Szpital','2012-04-14 14:24:52','2012-04-14 17:52:57'),(222,NULL,49.7959,19.0392,NULL,'2012-04-14 14:24:56','2012-04-14 14:24:56'),(223,NULL,49.7969,19.0396,NULL,'2012-04-14 14:24:58','2012-04-14 14:24:58'),(224,NULL,49.7976,19.0399,NULL,'2012-04-14 14:25:00','2012-04-14 14:25:00'),(225,NULL,49.7983,19.0406,NULL,'2012-04-14 14:25:01','2012-04-14 14:25:01'),(226,NULL,49.799,19.0411,NULL,'2012-04-14 14:25:03','2012-04-14 14:25:03'),(227,NULL,49.7998,19.0415,NULL,'2012-04-14 14:25:04','2012-04-14 14:25:04'),(228,NULL,49.8004,19.0421,NULL,'2012-04-14 14:25:06','2012-04-14 14:25:06'),(229,NULL,49.8007,19.0425,NULL,'2012-04-14 14:25:07','2012-04-14 14:25:07'),(232,1,49.8009,19.0428,'Partyzantów/Folwark','2012-04-14 14:25:37','2012-04-14 17:53:05'),(233,NULL,49.8012,19.0435,NULL,'2012-04-14 14:25:43','2012-04-14 14:25:43'),(234,NULL,49.8013,19.044,NULL,'2012-04-14 14:25:46','2012-04-14 14:25:46'),(235,NULL,49.8015,19.0444,NULL,'2012-04-14 14:25:48','2012-04-14 14:25:48'),(236,NULL,49.8018,19.0447,NULL,'2012-04-14 14:25:49','2012-04-14 14:25:49'),(237,NULL,49.802,19.0454,NULL,'2012-04-14 14:25:51','2012-04-14 14:25:51'),(238,NULL,49.8022,19.0457,NULL,'2012-04-14 14:25:52','2012-04-14 14:25:52'),(239,NULL,49.8024,19.0462,NULL,'2012-04-14 14:25:53','2012-04-14 14:25:53'),(240,NULL,49.8026,19.0467,NULL,'2012-04-14 14:25:55','2012-04-14 14:25:55'),(241,NULL,49.8027,19.0469,NULL,'2012-04-14 14:25:57','2012-04-14 14:25:57'),(242,NULL,49.8029,19.0468,NULL,'2012-04-14 14:25:58','2012-04-14 14:25:58'),(243,NULL,49.803,19.0464,NULL,'2012-04-14 14:26:02','2012-04-14 14:26:02'),(244,NULL,49.8031,19.0462,NULL,'2012-04-14 14:26:03','2012-04-14 14:26:03'),(245,NULL,49.8033,19.0459,NULL,'2012-04-14 14:26:04','2012-04-14 14:26:04'),(246,1,49.8033,19.0458,'Partyzantów/Apena','2012-04-14 14:26:05','2012-04-14 17:53:13'),(247,NULL,49.8035,19.0453,NULL,'2012-04-14 14:26:11','2012-04-14 14:26:11'),(248,NULL,49.8038,19.0445,NULL,'2012-04-14 14:26:12','2012-04-14 14:26:12'),(249,NULL,49.8041,19.0441,NULL,'2012-04-14 14:26:15','2012-04-14 14:26:15'),(250,0,49.8044,19.0437,NULL,'2012-04-14 14:26:17','2012-04-14 14:26:20'),(251,NULL,49.8047,19.0435,NULL,'2012-04-14 14:26:27','2012-04-14 14:26:27'),(252,NULL,49.805,19.0434,NULL,'2012-04-14 14:26:28','2012-04-14 14:26:28'),(253,NULL,49.8052,19.0433,NULL,'2012-04-14 14:26:29','2012-04-14 14:26:29'),(254,NULL,49.8059,19.0432,NULL,'2012-04-14 14:26:31','2012-04-14 14:26:31'),(255,NULL,49.8065,19.0431,NULL,'2012-04-14 14:26:33','2012-04-14 14:26:33'),(256,NULL,49.8071,19.0431,NULL,'2012-04-14 14:26:35','2012-04-14 14:26:35'),(257,NULL,49.8084,19.043,NULL,'2012-04-14 14:26:37','2012-04-14 14:26:37'),(258,NULL,49.809,19.0435,NULL,'2012-04-14 14:26:40','2012-04-14 14:26:40'),(259,NULL,49.8096,19.0443,NULL,'2012-04-14 14:26:40','2012-04-14 14:26:40'),(260,1,49.8099,19.0449,'Plac Mickiewicza','2012-04-14 14:26:42','2012-04-14 17:53:49'),(261,NULL,49.8104,19.0454,NULL,'2012-04-14 14:26:53','2012-04-14 14:26:53'),(262,NULL,49.8109,19.0456,NULL,'2012-04-14 14:26:55','2012-04-14 14:26:55'),(263,NULL,49.8113,19.0456,NULL,'2012-04-14 14:26:56','2012-04-14 14:26:56'),(264,NULL,49.8118,19.0454,NULL,'2012-04-14 14:26:58','2012-04-14 14:26:58'),(265,NULL,49.8124,19.0452,NULL,'2012-04-14 14:27:00','2012-04-14 14:27:00'),(266,NULL,49.8129,19.045,NULL,'2012-04-14 14:27:01','2012-04-14 14:27:01'),(267,NULL,49.8134,19.0448,NULL,'2012-04-14 14:27:02','2012-04-14 14:27:02'),(268,NULL,49.8138,19.0446,NULL,'2012-04-14 14:27:04','2012-04-14 14:27:04'),(269,NULL,49.8142,19.0445,NULL,'2012-04-14 14:27:16','2012-04-14 14:27:16'),(270,NULL,49.8145,19.0445,NULL,'2012-04-14 14:27:18','2012-04-14 14:27:18'),(274,NULL,49.815,19.0446,NULL,'2012-04-14 14:28:01','2012-04-14 14:28:01'),(275,1,49.8153,19.0447,'Plac Mickiewicza','2012-04-14 14:28:05','2012-04-14 20:42:35'),(276,NULL,49.8157,19.0448,NULL,'2012-04-14 14:28:09','2012-04-14 14:28:09'),(277,NULL,49.816,19.0463,NULL,'2012-04-14 14:28:10','2012-04-14 14:28:10'),(278,NULL,49.8161,19.0467,NULL,'2012-04-14 14:28:24','2012-04-14 14:28:24'),(279,NULL,49.816,19.0477,NULL,'2012-04-14 14:28:29','2012-04-14 14:28:29'),(280,NULL,49.8157,19.0483,NULL,'2012-04-14 14:28:30','2012-04-14 14:28:30'),(281,NULL,49.8155,19.0487,NULL,'2012-04-14 14:28:31','2012-04-14 14:28:31'),(282,NULL,49.8156,19.0498,NULL,'2012-04-14 14:28:39','2012-04-14 14:28:39'),(283,NULL,49.8157,19.0509,NULL,'2012-04-14 14:28:41','2012-04-14 14:28:41'),(284,NULL,49.8162,19.051,NULL,'2012-04-14 14:28:42','2012-04-14 14:28:42'),(285,NULL,49.8168,19.0512,NULL,'2012-04-14 14:28:44','2012-04-14 14:28:44'),(286,NULL,49.8172,19.0513,NULL,'2012-04-14 14:28:50','2012-04-14 14:28:50'),(287,NULL,49.8178,19.0516,NULL,'2012-04-14 14:28:52','2012-04-14 14:28:52'),(288,NULL,49.8179,19.0511,NULL,'2012-04-14 14:28:53','2012-04-14 14:28:53'),(289,NULL,49.8179,19.0491,NULL,'2012-04-14 14:28:55','2012-04-14 14:28:55'),(290,NULL,49.8181,19.0491,NULL,'2012-04-14 14:28:57','2012-04-14 14:28:57'),(296,NULL,49.8193,19.0504,NULL,'2012-04-14 14:30:14','2012-04-14 14:30:14'),(297,1,49.82,19.0516,'Dmowskiego/Urząd Miejski','2012-04-14 14:30:16','2012-04-14 17:54:11'),(298,NULL,49.8208,19.0523,NULL,'2012-04-14 14:31:03','2012-04-14 14:31:03'),(299,NULL,49.8215,19.0526,NULL,'2012-04-14 14:31:05','2012-04-14 14:31:05'),(300,NULL,49.822,19.0529,NULL,'2012-04-14 14:31:09','2012-04-14 14:31:09'),(302,NULL,49.8221,19.0531,NULL,'2012-04-14 14:31:26','2012-04-14 14:31:26'),(303,NULL,49.8218,19.0541,NULL,'2012-04-14 14:31:30','2012-04-14 14:31:30'),(304,NULL,49.8217,19.0547,NULL,'2012-04-14 14:31:32','2012-04-14 14:31:32'),(305,NULL,49.822,19.0549,NULL,'2012-04-14 14:31:33','2012-04-14 14:31:33'),(306,1,49.8223,19.0554,'Wyzwolenia/Szkolna','2012-04-14 14:31:34','2012-04-14 17:54:19'),(308,NULL,49.8234,19.0562,NULL,'2012-04-14 14:32:30','2012-04-14 14:32:30'),(309,NULL,49.8238,19.0565,NULL,'2012-04-14 14:32:31','2012-04-14 14:32:31'),(310,NULL,49.824,19.0555,NULL,'2012-04-14 14:32:32','2012-04-14 14:32:32'),(311,NULL,49.8242,19.0539,NULL,'2012-04-14 14:32:33','2012-04-14 14:32:33'),(313,1,49.8243,19.053,'Paderewskiego','2012-04-14 14:32:42','2012-04-14 17:54:27'),(314,NULL,49.8244,19.0524,NULL,'2012-04-14 14:32:46','2012-04-14 14:32:46'),(315,NULL,49.8256,19.0524,NULL,'2012-04-14 14:32:47','2012-04-14 14:32:47'),(316,NULL,49.8264,19.0529,NULL,'2012-04-14 14:33:01','2012-04-14 14:33:01'),(317,NULL,49.827,19.0531,NULL,'2012-04-14 14:33:10','2012-04-14 14:33:10'),(318,1,49.8281,19.0533,'Komorowicka/Bielsbud','2012-04-14 14:33:12','2012-04-14 17:54:36'),(319,NULL,49.8302,19.0535,NULL,'2012-04-14 14:33:29','2012-04-14 14:33:29'),(320,NULL,49.832,19.0538,NULL,'2012-04-14 14:33:31','2012-04-14 14:33:31'),(321,NULL,49.8336,19.054,NULL,'2012-04-14 14:33:32','2012-04-14 14:33:32'),(322,NULL,49.8345,19.0547,NULL,'2012-04-14 14:33:34','2012-04-14 14:33:34'),(323,0,49.835,19.0546,NULL,'2012-04-14 14:33:36','2012-04-14 19:33:00'),(324,NULL,49.8357,19.0546,NULL,'2012-04-14 14:33:38','2012-04-14 14:33:38'),(325,1,49.8362,19.0545,'Komorowicka/Przejazd','2012-04-14 14:33:41','2012-04-14 19:36:07'),(326,NULL,49.8377,19.0537,NULL,'2012-04-14 19:37:08','2012-04-14 19:37:08'),(327,NULL,49.8387,19.0527,NULL,'2012-04-14 19:37:09','2012-04-14 19:37:09'),(328,NULL,49.8401,19.0518,NULL,'2012-04-14 19:37:10','2012-04-14 19:37:10'),(329,NULL,49.8408,19.0517,NULL,'2012-04-14 19:37:11','2012-04-14 19:37:11'),(330,NULL,49.8409,19.0522,NULL,'2012-04-14 19:37:37','2012-04-14 19:37:37'),(331,1,49.8408,19.0533,'Czerwona/Komorowicka','2012-04-14 19:37:39','2012-04-14 19:45:17'),(332,NULL,49.8408,19.0544,NULL,'2012-04-14 19:37:45','2012-04-14 19:37:45'),(333,NULL,49.8408,19.0549,NULL,'2012-04-14 19:37:46','2012-04-14 19:37:46'),(334,NULL,49.8407,19.0555,NULL,'2012-04-14 19:37:47','2012-04-14 19:37:47'),(335,NULL,49.8405,19.0567,NULL,'2012-04-14 19:37:50','2012-04-14 19:37:50'),(336,NULL,49.8403,19.0575,NULL,'2012-04-14 19:37:51','2012-04-14 19:37:51'),(337,NULL,49.8404,19.0583,NULL,'2012-04-14 19:38:02','2012-04-14 19:38:02'),(338,NULL,49.8406,19.059,NULL,'2012-04-14 19:38:03','2012-04-14 19:38:03'),(339,NULL,49.8408,19.0593,NULL,'2012-04-14 19:38:08','2012-04-14 19:38:08'),(340,NULL,49.841,19.06,NULL,'2012-04-14 19:38:13','2012-04-14 19:38:13'),(341,NULL,49.841,19.0604,NULL,'2012-04-14 19:38:14','2012-04-14 19:38:14'),(342,1,49.8409,19.0607,'Czerwona/Krausa','2012-04-14 19:38:14','2012-04-14 19:45:27'),(343,NULL,49.8408,19.0614,NULL,'2012-04-14 19:38:23','2012-04-14 19:38:23'),(344,NULL,49.8407,19.0622,NULL,'2012-04-14 19:38:25','2012-04-14 19:38:25'),(345,NULL,49.8406,19.0627,NULL,'2012-04-14 19:38:25','2012-04-14 19:38:25'),(346,NULL,49.8398,19.0666,NULL,'2012-04-14 19:38:44','2012-04-14 19:38:44'),(347,NULL,49.8395,19.0679,NULL,'2012-04-14 19:38:48','2012-04-14 19:38:48'),(348,NULL,49.8391,19.0692,NULL,'2012-04-14 19:39:53','2012-04-14 19:39:53'),(349,NULL,49.839,19.0703,NULL,'2012-04-14 19:39:54','2012-04-14 19:39:54'),(350,NULL,49.8389,19.0712,NULL,'2012-04-14 19:39:56','2012-04-14 19:39:56'),(351,NULL,49.8387,19.0717,NULL,'2012-04-14 19:39:56','2012-04-14 19:39:56'),(352,1,49.8385,19.0725,'Niepodległości/Czerwona','2012-04-14 19:40:40','2012-04-14 19:45:35'),(353,NULL,49.8378,19.0744,NULL,'2012-04-14 19:40:49','2012-04-14 19:40:49'),(354,NULL,49.8377,19.0749,NULL,'2012-04-14 19:40:57','2012-04-14 19:40:57'),(355,NULL,49.8382,19.0758,NULL,'2012-04-14 19:40:58','2012-04-14 19:40:58'),(356,NULL,49.8389,19.0764,NULL,'2012-04-14 19:41:00','2012-04-14 19:41:00'),(357,NULL,49.8395,19.0771,NULL,'2012-04-14 19:41:22','2012-04-14 19:41:22'),(358,NULL,49.8402,19.0783,NULL,'2012-04-14 19:41:24','2012-04-14 19:41:24'),(359,1,49.8405,19.079,'Wyzwolenia/Niepodległości','2012-04-14 19:41:26','2012-04-14 19:45:42'),(360,NULL,49.841,19.0797,NULL,'2012-04-14 19:41:30','2012-04-14 19:41:30'),(361,NULL,49.8416,19.0807,NULL,'2012-04-14 19:41:32','2012-04-14 19:41:32'),(362,NULL,49.842,19.0814,NULL,'2012-04-14 19:41:35','2012-04-14 19:41:35'),(363,NULL,49.8425,19.0818,NULL,'2012-04-14 19:41:37','2012-04-14 19:41:37'),(364,NULL,49.8434,19.0828,NULL,'2012-04-14 19:42:14','2012-04-14 19:42:14'),(365,NULL,49.8444,19.0832,NULL,'2012-04-14 19:42:16','2012-04-14 19:42:16'),(366,NULL,49.8456,19.0834,NULL,'2012-04-14 19:42:19','2012-04-14 19:42:19'),(367,NULL,49.8468,19.0841,NULL,'2012-04-14 19:42:23','2012-04-14 19:42:23'),(368,NULL,49.8475,19.0848,NULL,'2012-04-14 19:42:28','2012-04-14 19:42:28'),(369,NULL,49.848,19.0856,NULL,'2012-04-14 19:42:29','2012-04-14 19:42:29'),(370,1,49.8483,19.0859,'Wyzwolenia/Witosa','2012-04-14 19:42:57','2012-04-14 19:45:49'),(371,NULL,49.8488,19.0862,NULL,'2012-04-14 19:43:00','2012-04-14 19:43:00'),(372,NULL,49.8491,19.0865,NULL,'2012-04-14 19:43:02','2012-04-14 19:43:02'),(373,NULL,49.8492,19.0867,NULL,'2012-04-14 19:43:03','2012-04-14 19:43:03'),(374,NULL,49.8493,19.0869,NULL,'2012-04-14 19:43:04','2012-04-14 19:43:04'),(375,NULL,49.8492,19.0874,NULL,'2012-04-14 19:43:05','2012-04-14 19:43:05'),(376,NULL,49.849,19.089,NULL,'2012-04-14 19:43:23','2012-04-14 19:43:23'),(377,NULL,49.8492,19.0904,NULL,'2012-04-14 19:43:25','2012-04-14 19:43:25'),(378,NULL,49.8494,19.0911,NULL,'2012-04-14 19:43:56','2012-04-14 19:43:56'),(379,1,49.8496,19.0916,'Wyzwolenia/Poczta','2012-04-14 19:44:12','2012-04-14 19:45:51'),(380,NULL,49.7887,19.047,NULL,'2012-04-14 20:38:14','2012-04-14 20:38:14'),(381,NULL,49.7895,19.048,NULL,'2012-04-14 20:38:15','2012-04-14 20:38:15'),(382,NULL,49.7909,19.0493,NULL,'2012-04-14 20:38:17','2012-04-14 20:38:17'),(383,NULL,49.792,19.0515,NULL,'2012-04-14 20:38:19','2012-04-14 20:38:19'),(384,NULL,49.7931,19.052,NULL,'2012-04-14 20:38:21','2012-04-14 20:38:21'),(385,NULL,49.7952,19.053,NULL,'2012-04-14 20:39:32','2012-04-14 20:39:32'),(386,NULL,49.7958,19.0524,NULL,'2012-04-14 20:39:36','2012-04-14 20:39:36'),(387,NULL,49.7949,19.0519,NULL,'2012-04-14 20:39:39','2012-04-14 20:39:39'),(388,NULL,49.794,19.0509,NULL,'2012-04-14 20:39:41','2012-04-14 20:39:41'),(389,NULL,49.7925,19.0469,NULL,'2012-04-14 20:39:43','2012-04-14 20:39:43'),(390,NULL,49.7903,19.0435,NULL,'2012-04-14 20:40:06','2012-04-14 20:40:06'),(391,NULL,49.7907,19.0427,NULL,'2012-04-14 20:40:08','2012-04-14 20:40:08'),(392,NULL,49.7927,19.0418,NULL,'2012-04-14 20:40:24','2012-04-14 20:40:24'),(393,NULL,49.7938,19.039,NULL,'2012-04-14 20:40:25','2012-04-14 20:40:25'),(394,NULL,49.7941,19.0381,NULL,'2012-04-14 20:40:27','2012-04-14 20:40:27'),(395,NULL,49.7968,19.0395,NULL,'2012-04-14 20:40:39','2012-04-14 20:40:39'),(396,NULL,49.7985,19.0408,NULL,'2012-04-14 20:40:41','2012-04-14 20:40:41'),(397,NULL,49.8001,19.0417,NULL,'2012-04-14 20:40:42','2012-04-14 20:40:42'),(398,NULL,49.8008,19.0426,NULL,'2012-04-14 20:40:43','2012-04-14 20:40:43'),(399,NULL,49.8017,19.0448,NULL,'2012-04-14 20:40:49','2012-04-14 20:40:49'),(400,NULL,49.8024,19.0466,NULL,'2012-04-14 20:40:50','2012-04-14 20:40:50'),(401,NULL,49.8027,19.0471,NULL,'2012-04-14 20:40:51','2012-04-14 20:40:51'),(402,NULL,49.803,19.0465,NULL,'2012-04-14 20:40:52','2012-04-14 20:40:52'),(403,NULL,49.8045,19.0436,NULL,'2012-04-14 20:41:06','2012-04-14 20:41:06'),(404,NULL,49.8064,19.0432,NULL,'2012-04-14 20:41:08','2012-04-14 20:41:08'),(405,NULL,49.8083,19.043,NULL,'2012-04-14 20:41:10','2012-04-14 20:41:10'),(406,NULL,49.8093,19.0442,NULL,'2012-04-14 20:41:11','2012-04-14 20:41:11'),(407,NULL,49.8109,19.0457,NULL,'2012-04-14 20:41:21','2012-04-14 20:41:21'),(408,NULL,49.8125,19.0451,NULL,'2012-04-14 20:41:22','2012-04-14 20:41:22'),(409,NULL,49.8165,19.0439,NULL,'2012-04-14 20:42:43','2012-04-14 20:42:43'),(410,NULL,49.8182,19.0434,NULL,'2012-04-14 20:42:44','2012-04-14 20:42:44'),(411,1,49.8188,19.0436,'Plac Żwirki i Wigury','2012-04-14 20:42:48','2012-04-14 20:44:14'),(412,NULL,49.8198,19.044,NULL,'2012-04-14 20:43:07','2012-04-14 20:43:07'),(413,NULL,49.8204,19.0443,NULL,'2012-04-14 20:43:09','2012-04-14 20:43:09'),(414,NULL,49.8211,19.0447,NULL,'2012-04-14 20:43:10','2012-04-14 20:43:10'),(415,NULL,49.8217,19.0451,NULL,'2012-04-14 20:43:11','2012-04-14 20:43:11'),(416,NULL,49.8225,19.0451,NULL,'2012-04-14 20:43:13','2012-04-14 20:43:13'),(417,1,49.8237,19.045,'Hotel Prezydent','2012-04-14 20:43:14','2012-04-14 20:44:02'),(418,NULL,49.8243,19.0448,NULL,'2012-04-14 20:43:30','2012-04-14 20:43:30'),(419,NULL,49.8253,19.0448,NULL,'2012-04-14 20:43:32','2012-04-14 20:43:32'),(420,NULL,49.8263,19.0447,NULL,'2012-04-14 20:43:34','2012-04-14 20:43:34'),(421,NULL,49.8274,19.0447,NULL,'2012-04-14 20:43:37','2012-04-14 20:43:37'),(422,1,49.828,19.0446,'3 Maja/Dworzec','2012-04-14 20:43:40','2012-04-14 20:43:57'),(423,NULL,49.8294,19.0443,NULL,'2012-04-14 20:44:25','2012-04-14 20:44:25'),(424,NULL,49.829,19.0427,NULL,'2012-04-14 20:44:27','2012-04-14 20:44:27'),(425,NULL,49.8287,19.0415,NULL,'2012-04-14 20:44:49','2012-04-14 20:44:49'),(426,NULL,49.8282,19.0396,NULL,'2012-04-14 20:44:50','2012-04-14 20:44:50'),(427,NULL,49.8275,19.0376,NULL,'2012-04-14 20:44:51','2012-04-14 20:44:51'),(430,1,49.8271,19.0365,'Piastowska/Lubertowicza','2012-04-14 20:45:09','2012-04-14 20:45:24'),(431,NULL,49.8267,19.0353,NULL,'2012-04-14 20:45:31','2012-04-14 20:45:31'),(432,NULL,49.8265,19.0343,NULL,'2012-04-14 20:45:33','2012-04-14 20:45:33'),(433,NULL,49.8262,19.0334,NULL,'2012-04-14 20:45:36','2012-04-14 20:45:36'),(435,1,49.8249,19.0295,'Piastowska/Wita Stwosza','2012-04-14 20:48:37','2012-04-14 20:48:42'),(436,NULL,49.8241,19.0276,NULL,'2012-04-14 20:48:52','2012-04-14 20:48:52'),(437,NULL,49.8235,19.0261,NULL,'2012-04-14 20:48:53','2012-04-14 20:48:53'),(438,NULL,49.823,19.0254,NULL,'2012-04-14 20:48:54','2012-04-14 20:48:54'),(439,NULL,49.8226,19.025,NULL,'2012-04-14 20:49:42','2012-04-14 20:49:42'),(440,1,49.8216,19.0239,'Piastowska/Sobieskiego','2012-04-14 20:49:44','2012-04-14 20:49:58'),(441,NULL,49.8213,19.0236,NULL,'2012-04-14 20:50:10','2012-04-14 20:50:10'),(442,NULL,49.8204,19.0228,NULL,'2012-04-14 20:50:12','2012-04-14 20:50:12'),(443,NULL,49.8189,19.0222,NULL,'2012-04-14 20:50:14','2012-04-14 20:50:14'),(444,NULL,49.8178,19.0218,NULL,'2012-04-14 20:50:16','2012-04-14 20:50:16'),(445,NULL,49.8169,19.0217,NULL,'2012-04-14 20:50:19','2012-04-14 20:50:19'),(446,NULL,49.8164,19.0219,NULL,'2012-04-14 20:50:21','2012-04-14 20:50:21'),(447,NULL,49.8159,19.0218,NULL,'2012-04-14 20:50:22','2012-04-14 20:50:22'),(448,NULL,49.8154,19.0213,NULL,'2012-04-14 20:50:23','2012-04-14 20:50:23'),(449,NULL,49.8151,19.0208,NULL,'2012-04-14 20:50:41','2012-04-14 20:50:41'),(450,NULL,49.8149,19.02,NULL,'2012-04-14 20:50:43','2012-04-14 20:50:43'),(451,NULL,49.8147,19.0189,NULL,'2012-04-14 20:50:45','2012-04-14 20:50:45'),(452,1,49.8146,19.0186,'Cieszyńska/Hulanka','2012-04-14 20:50:48','2012-04-14 20:52:20'),(453,NULL,49.814,19.0165,NULL,'2012-04-14 20:51:02','2012-04-14 20:51:02'),(454,NULL,49.8135,19.0143,NULL,'2012-04-14 20:51:05','2012-04-14 20:51:05'),(455,NULL,49.813,19.0123,NULL,'2012-04-14 20:51:59','2012-04-14 20:51:59'),(456,NULL,49.8131,19.0117,NULL,'2012-04-14 20:52:00','2012-04-14 20:52:00'),(457,NULL,49.813,19.0115,NULL,'2012-04-14 20:52:01','2012-04-14 20:52:01'),(458,NULL,49.8128,19.0117,NULL,'2012-04-14 20:52:02','2012-04-14 20:52:02'),(459,NULL,49.8124,19.0122,NULL,'2012-04-14 20:52:04','2012-04-14 20:52:04'),(460,1,49.8122,19.0124,'Szarotki/Cieszyńska','2012-04-14 20:52:07','2012-04-14 20:52:30'),(461,NULL,49.811,19.0136,NULL,'2012-04-14 20:53:27','2012-04-14 20:53:27'),(462,NULL,49.8103,19.0143,NULL,'2012-04-14 20:53:28','2012-04-14 20:53:28'),(463,NULL,49.809,19.0167,NULL,'2012-04-14 20:53:30','2012-04-14 20:53:30'),(464,1,49.8086,19.0174,'Szarotki/SAM','2012-04-14 20:53:31','2012-04-14 20:53:37'),(467,1,49.7769,19.0882,'Mikuszowice/Stalownik','2012-04-15 02:30:58','2012-04-15 02:31:15'),(468,NULL,49.7761,19.0871,NULL,'2012-04-15 02:31:17','2012-04-15 02:31:17'),(469,NULL,49.778,19.0844,NULL,'2012-04-15 02:32:32','2012-04-15 02:32:32'),(472,1,49.779,19.0828,'Żywiecka/Mikusz. Krakowskie','2012-04-15 02:33:30','2012-04-15 02:33:53'),(473,NULL,49.7799,19.0816,NULL,'2012-04-15 02:33:58','2012-04-15 02:33:58'),(474,NULL,49.7805,19.0807,NULL,'2012-04-15 02:34:00','2012-04-15 02:34:00'),(475,NULL,49.7814,19.0794,NULL,'2012-04-15 02:34:03','2012-04-15 02:34:03'),(476,NULL,49.7822,19.0784,NULL,'2012-04-15 02:34:05','2012-04-15 02:34:05'),(477,NULL,49.7827,19.0775,NULL,'2012-04-15 02:34:10','2012-04-15 02:34:10'),(479,NULL,49.7831,19.077,NULL,'2012-04-15 02:34:20','2012-04-15 02:34:20'),(480,NULL,49.7835,19.0764,NULL,'2012-04-15 02:34:22','2012-04-15 02:34:22'),(481,NULL,49.7846,19.0749,NULL,'2012-04-15 02:34:35','2012-04-15 02:34:35'),(482,NULL,49.7849,19.0744,NULL,'2012-04-15 02:34:43','2012-04-15 02:34:43'),(483,NULL,49.785,19.0743,NULL,'2012-04-15 02:34:45','2012-04-15 02:34:45'),(484,NULL,49.7858,19.0735,NULL,'2012-04-15 02:34:53','2012-04-15 02:34:53'),(485,1,49.786,19.0734,'Mikuszowice/Dom Ludowy','2012-04-15 02:34:55','2012-04-15 02:35:13'),(486,NULL,49.7863,19.073,NULL,'2012-04-15 02:35:23','2012-04-15 02:35:23'),(487,NULL,49.7866,19.0727,NULL,'2012-04-15 02:35:25','2012-04-15 02:35:25'),(488,NULL,49.787,19.0724,NULL,'2012-04-15 02:35:27','2012-04-15 02:35:27'),(489,NULL,49.7874,19.072,NULL,'2012-04-15 02:35:29','2012-04-15 02:35:29'),(490,NULL,49.7878,19.0716,NULL,'2012-04-15 02:35:33','2012-04-15 02:35:33'),(491,NULL,49.7894,19.0704,NULL,'2012-04-15 02:35:46','2012-04-15 02:35:46'),(492,NULL,49.7906,19.0692,NULL,'2012-04-15 02:35:48','2012-04-15 02:35:48'),(493,NULL,49.7923,19.0677,NULL,'2012-04-15 02:35:57','2012-04-15 02:35:57'),(494,NULL,49.793,19.0671,NULL,'2012-04-15 02:36:22','2012-04-15 02:36:22'),(495,1,49.7934,19.0668,'Żywiecka/Dworek','2012-04-15 02:36:24','2012-04-15 02:36:51'),(496,NULL,49.796,19.0644,NULL,'2012-04-15 02:36:56','2012-04-15 02:36:56'),(497,1,49.797,19.0636,'Żywiecka/Pawia','2012-04-15 02:37:01','2012-04-15 02:37:14'),(498,NULL,49.7975,19.0631,NULL,'2012-04-15 02:37:17','2012-04-15 02:37:17'),(499,NULL,49.7979,19.0628,NULL,'2012-04-15 02:37:20','2012-04-15 02:37:20'),(500,NULL,49.7985,19.0622,NULL,'2012-04-15 02:37:22','2012-04-15 02:37:22'),(501,NULL,49.7991,19.0617,NULL,'2012-04-15 02:37:24','2012-04-15 02:37:24'),(502,NULL,49.8001,19.0609,NULL,'2012-04-15 02:37:30','2012-04-15 02:37:30'),(503,NULL,49.8005,19.0606,NULL,'2012-04-15 02:37:48','2012-04-15 02:37:48'),(504,NULL,49.801,19.0601,NULL,'2012-04-15 02:37:50','2012-04-15 02:37:50'),(505,1,49.8014,19.0598,'Żywiecka/Leszczyny','2012-04-15 02:37:53','2012-04-15 02:40:04'),(506,NULL,49.8019,19.0593,NULL,'2012-04-15 02:38:23','2012-04-15 02:38:23'),(507,NULL,49.8024,19.0589,NULL,'2012-04-15 02:38:34','2012-04-15 02:38:34'),(508,NULL,49.8028,19.0585,NULL,'2012-04-15 02:38:35','2012-04-15 02:38:35'),(509,NULL,49.8033,19.0581,NULL,'2012-04-15 02:38:37','2012-04-15 02:38:37'),(510,NULL,49.8038,19.0576,NULL,'2012-04-15 02:38:38','2012-04-15 02:38:38'),(511,NULL,49.8042,19.0572,NULL,'2012-04-15 02:38:39','2012-04-15 02:38:39'),(512,NULL,49.8047,19.0568,NULL,'2012-04-15 02:38:41','2012-04-15 02:38:41'),(513,NULL,49.8052,19.0565,NULL,'2012-04-15 02:38:53','2012-04-15 02:38:53'),(514,NULL,49.8056,19.0562,NULL,'2012-04-15 02:38:55','2012-04-15 02:38:55'),(515,1,49.8059,19.0562,'Żywiecka/Hotel Magura','2012-04-15 02:38:57','2012-04-15 02:40:25'),(516,NULL,49.8089,19.056,NULL,'2012-04-15 02:40:50','2012-04-15 02:40:50'),(517,NULL,49.8102,19.0559,NULL,'2012-04-15 02:40:52','2012-04-15 02:40:52'),(518,NULL,49.8121,19.0559,NULL,'2012-04-15 02:40:56','2012-04-15 02:40:56'),(519,1,49.8125,19.0559,'Żywiecka/Osiedle Grunwaldzkie','2012-04-15 02:40:58','2012-04-15 02:41:02'),(520,NULL,49.8132,19.0558,NULL,'2012-04-15 02:41:22','2012-04-15 02:41:22'),(521,NULL,49.8141,19.0557,NULL,'2012-04-15 02:41:28','2012-04-15 02:41:28'),(522,NULL,49.8147,19.0557,NULL,'2012-04-15 02:41:30','2012-04-15 02:41:30'),(523,NULL,49.8152,19.0557,NULL,'2012-04-15 02:41:31','2012-04-15 02:41:31'),(524,NULL,49.8156,19.0557,NULL,'2012-04-15 02:41:33','2012-04-15 02:41:33'),(525,NULL,49.8157,19.0547,NULL,'2012-04-15 02:41:34','2012-04-15 02:41:34'),(526,NULL,49.8157,19.0521,NULL,'2012-04-15 02:41:36','2012-04-15 02:41:36'),(527,NULL,49.8157,19.0511,NULL,'2012-04-15 02:41:38','2012-04-15 02:41:38'),(528,NULL,49.8161,19.0509,NULL,'2012-04-15 02:41:42','2012-04-15 02:41:42'),(529,NULL,49.8168,19.0511,NULL,'2012-04-15 02:41:44','2012-04-15 02:41:44'),(530,NULL,49.8172,19.0514,NULL,'2012-04-15 02:41:46','2012-04-15 02:41:46'),(531,NULL,49.8177,19.0515,NULL,'2012-04-15 02:41:47','2012-04-15 02:41:47'),(532,NULL,49.8179,19.0516,NULL,'2012-04-15 02:41:48','2012-04-15 02:41:48'),(533,NULL,49.8179,19.0504,NULL,'2012-04-15 02:41:49','2012-04-15 02:41:49'),(534,NULL,49.818,19.049,NULL,'2012-04-15 02:41:51','2012-04-15 02:41:51'),(535,NULL,49.819,19.0501,NULL,'2012-04-15 02:42:01','2012-04-15 02:42:01'),(536,NULL,49.8198,19.0511,NULL,'2012-04-15 02:42:58','2012-04-15 02:42:58'),(537,NULL,49.8209,19.0524,NULL,'2012-04-15 02:43:11','2012-04-15 02:43:11'),(538,1,49.8212,19.0525,'Dmowskiego/Urząd Miejski','2012-04-15 02:43:12','2012-04-15 02:43:17'),(539,NULL,49.8217,19.0527,NULL,'2012-04-15 02:43:20','2012-04-15 02:43:20'),(540,NULL,49.8221,19.0528,NULL,'2012-04-15 02:43:21','2012-04-15 02:43:21'),(541,NULL,49.8222,19.0527,NULL,'2012-04-15 02:43:23','2012-04-15 02:43:23'),(542,NULL,49.8223,19.0523,NULL,'2012-04-15 02:43:24','2012-04-15 02:43:24'),(543,NULL,49.8224,19.0515,NULL,'2012-04-15 02:43:24','2012-04-15 02:43:24'),(544,NULL,49.8225,19.0505,NULL,'2012-04-15 02:43:27','2012-04-15 02:43:27'),(545,NULL,49.8227,19.0495,NULL,'2012-04-15 02:43:28','2012-04-15 02:43:28'),(546,NULL,49.8228,19.0481,NULL,'2012-04-15 02:43:43','2012-04-15 02:43:43'),(547,NULL,49.8227,19.0468,NULL,'2012-04-15 02:43:45','2012-04-15 02:43:45'),(548,NULL,49.8225,19.0458,NULL,'2012-04-15 02:43:48','2012-04-15 02:43:48'),(549,NULL,49.8223,19.0452,NULL,'2012-04-15 02:43:50','2012-04-15 02:43:50'),(550,NULL,49.8224,19.0451,NULL,'2012-04-15 02:43:51','2012-04-15 02:43:51'),(551,NULL,49.823,19.045,NULL,'2012-04-15 02:43:52','2012-04-15 02:43:52'),(552,NULL,49.8233,19.045,NULL,'2012-04-15 02:43:54','2012-04-15 02:43:54'),(553,NULL,49.8241,19.0449,NULL,'2012-04-15 02:43:58','2012-04-15 02:43:58'),(554,NULL,49.8245,19.0449,NULL,'2012-04-15 02:44:00','2012-04-15 02:44:00'),(555,NULL,49.8251,19.0449,NULL,'2012-04-15 02:44:15','2012-04-15 02:44:15'),(556,NULL,49.8258,19.0449,NULL,'2012-04-15 02:44:19','2012-04-15 02:44:19'),(557,NULL,49.8261,19.0449,NULL,'2012-04-15 02:44:20','2012-04-15 02:44:20'),(558,NULL,49.8267,19.0449,NULL,'2012-04-15 02:44:22','2012-04-15 02:44:22'),(559,NULL,49.8273,19.0448,NULL,'2012-04-15 02:44:24','2012-04-15 02:44:24'),(560,NULL,49.829,19.0446,NULL,'2012-04-15 02:44:33','2012-04-15 02:44:33'),(561,NULL,49.8294,19.0441,NULL,'2012-04-15 02:44:35','2012-04-15 02:44:35'),(562,NULL,49.8285,19.041,NULL,'2012-04-15 02:44:45','2012-04-15 02:44:45'),(563,NULL,49.8279,19.0388,NULL,'2012-04-15 02:44:48','2012-04-15 02:44:48'),(564,NULL,49.8266,19.0351,NULL,'2012-04-15 02:45:07','2012-04-15 02:45:07'),(565,NULL,49.8265,19.0342,NULL,'2012-04-15 02:45:08','2012-04-15 02:45:08'),(566,NULL,49.8261,19.0332,NULL,'2012-04-15 02:45:09','2012-04-15 02:45:09'),(567,NULL,49.8255,19.0312,NULL,'2012-04-15 02:45:22','2012-04-15 02:45:22'),(568,NULL,49.824,19.0276,NULL,'2012-04-15 02:45:36','2012-04-15 02:45:36'),(569,NULL,49.8234,19.026,NULL,'2012-04-15 02:45:38','2012-04-15 02:45:38'),(570,NULL,49.8227,19.0251,NULL,'2012-04-15 02:45:39','2012-04-15 02:45:39'),(571,NULL,49.8206,19.023,NULL,'2012-04-15 02:45:50','2012-04-15 02:45:50'),(572,NULL,49.8199,19.0226,NULL,'2012-04-15 02:45:52','2012-04-15 02:45:52'),(573,NULL,49.819,19.0222,NULL,'2012-04-15 02:45:53','2012-04-15 02:45:53'),(574,NULL,49.8178,19.0218,NULL,'2012-04-15 02:45:55','2012-04-15 02:45:55'),(575,NULL,49.8167,19.0218,NULL,'2012-04-15 02:45:56','2012-04-15 02:45:56'),(577,NULL,49.8158,19.0217,NULL,'2012-04-15 02:46:06','2012-04-15 02:46:06'),(578,NULL,49.8153,19.0212,NULL,'2012-04-15 02:46:08','2012-04-15 02:46:08'),(579,NULL,49.8148,19.0197,NULL,'2012-04-15 02:46:09','2012-04-15 02:46:09'),(580,NULL,49.8142,19.017,NULL,'2012-04-15 02:46:55','2012-04-15 02:46:55'),(581,NULL,49.8147,19.0163,NULL,'2012-04-15 02:46:56','2012-04-15 02:46:56'),(582,NULL,49.8157,19.0154,NULL,'2012-04-15 02:47:02','2012-04-15 02:47:02'),(583,NULL,49.8166,19.015,NULL,'2012-04-15 02:47:03','2012-04-15 02:47:03'),(584,NULL,49.8172,19.0145,NULL,'2012-04-15 02:47:05','2012-04-15 02:47:05'),(585,1,49.8172,19.0142,'Osiedle Kopernika','2012-04-15 02:47:07','2012-04-15 02:47:21'),(586,NULL,49.817,19.0148,NULL,'2012-04-15 02:52:55','2012-04-15 02:52:55'),(587,NULL,49.8166,19.015,NULL,'2012-04-15 02:52:57','2012-04-15 02:52:57'),(588,NULL,49.8158,19.0153,NULL,'2012-04-15 02:53:00','2012-04-15 02:53:00'),(589,NULL,49.8152,19.0157,NULL,'2012-04-15 02:53:03','2012-04-15 02:53:03'),(590,NULL,49.8143,19.0167,NULL,'2012-04-15 02:53:04','2012-04-15 02:53:04'),(591,NULL,49.8144,19.0184,NULL,'2012-04-15 02:53:09','2012-04-15 02:53:09'),(592,NULL,49.8146,19.0193,NULL,'2012-04-15 02:53:10','2012-04-15 02:53:10'),(593,NULL,49.8149,19.0206,NULL,'2012-04-15 02:53:12','2012-04-15 02:53:12'),(594,NULL,49.8151,19.0215,NULL,'2012-04-15 02:53:13','2012-04-15 02:53:13'),(595,NULL,49.8152,19.0218,NULL,'2012-04-15 02:53:19','2012-04-15 02:53:19'),(596,NULL,49.8152,19.0222,NULL,'2012-04-15 02:53:19','2012-04-15 02:53:19'),(597,NULL,49.8152,19.0228,NULL,'2012-04-15 02:53:20','2012-04-15 02:53:20'),(598,NULL,49.8154,19.023,NULL,'2012-04-15 02:53:21','2012-04-15 02:53:21'),(599,NULL,49.8157,19.0229,NULL,'2012-04-15 02:53:21','2012-04-15 02:53:21'),(600,NULL,49.8158,19.0228,NULL,'2012-04-15 02:53:23','2012-04-15 02:53:23'),(601,NULL,49.8158,19.0224,NULL,'2012-04-15 02:53:24','2012-04-15 02:53:24'),(602,NULL,49.8162,19.0222,NULL,'2012-04-15 02:53:25','2012-04-15 02:53:25'),(603,NULL,49.8165,19.022,NULL,'2012-04-15 02:53:26','2012-04-15 02:53:26'),(604,NULL,49.817,19.0219,NULL,'2012-04-15 02:53:27','2012-04-15 02:53:27'),(605,NULL,49.8177,19.0219,NULL,'2012-04-15 02:53:28','2012-04-15 02:53:28'),(606,NULL,49.8185,19.0221,NULL,'2012-04-15 02:53:30','2012-04-15 02:53:30'),(607,NULL,49.8192,19.0224,NULL,'2012-04-15 02:53:31','2012-04-15 02:53:31'),(608,NULL,49.82,19.0228,NULL,'2012-04-15 02:53:32','2012-04-15 02:53:32'),(609,NULL,49.8207,19.0231,NULL,'2012-04-15 02:53:33','2012-04-15 02:53:33'),(610,NULL,49.8211,19.0236,NULL,'2012-04-15 02:53:35','2012-04-15 02:53:35'),(611,NULL,49.8218,19.0243,NULL,'2012-04-15 02:53:36','2012-04-15 02:53:36'),(612,NULL,49.8228,19.0252,NULL,'2012-04-15 02:53:39','2012-04-15 02:53:39'),(613,NULL,49.8232,19.0258,NULL,'2012-04-15 02:53:41','2012-04-15 02:53:41'),(614,NULL,49.8235,19.0264,NULL,'2012-04-15 02:53:42','2012-04-15 02:53:42'),(615,NULL,49.8239,19.0274,NULL,'2012-04-15 02:53:43','2012-04-15 02:53:43'),(616,NULL,49.8244,19.0285,NULL,'2012-04-15 02:53:45','2012-04-15 02:53:45'),(617,NULL,49.8253,19.0309,NULL,'2012-04-15 02:53:49','2012-04-15 02:53:49'),(618,NULL,49.8264,19.0342,NULL,'2012-04-15 02:53:57','2012-04-15 02:53:57'),(619,NULL,49.8267,19.0355,NULL,'2012-04-15 02:53:59','2012-04-15 02:53:59'),(620,NULL,49.827,19.0365,NULL,'2012-04-15 02:54:00','2012-04-15 02:54:00'),(621,NULL,49.8274,19.0378,NULL,'2012-04-15 02:54:01','2012-04-15 02:54:01'),(622,NULL,49.8279,19.0392,NULL,'2012-04-15 02:54:03','2012-04-15 02:54:03'),(623,NULL,49.8283,19.0406,NULL,'2012-04-15 02:54:04','2012-04-15 02:54:04'),(624,NULL,49.8285,19.0412,NULL,'2012-04-15 02:54:04','2012-04-15 02:54:04'),(626,NULL,49.8292,19.0437,NULL,'2012-04-15 02:54:11','2012-04-15 02:54:11'),(627,NULL,49.8293,19.0443,NULL,'2012-04-15 02:54:12','2012-04-15 02:54:12'),(628,NULL,49.829,19.0445,NULL,'2012-04-15 02:54:13','2012-04-15 02:54:13'),(629,NULL,49.8283,19.0446,NULL,'2012-04-15 02:54:15','2012-04-15 02:54:15'),(630,NULL,49.8277,19.0446,NULL,'2012-04-15 02:54:18','2012-04-15 02:54:18'),(631,NULL,49.8267,19.0447,NULL,'2012-04-15 02:54:23','2012-04-15 02:54:23'),(632,NULL,49.8254,19.0448,NULL,'2012-04-15 02:54:30','2012-04-15 02:54:30'),(633,NULL,49.8231,19.0449,NULL,'2012-04-15 02:54:42','2012-04-15 02:54:42'),(634,NULL,49.8223,19.045,NULL,'2012-04-15 02:54:45','2012-04-15 02:54:45'),(635,NULL,49.8222,19.0453,NULL,'2012-04-15 02:54:46','2012-04-15 02:54:46'),(636,NULL,49.8225,19.0461,NULL,'2012-04-15 02:54:47','2012-04-15 02:54:47'),(637,NULL,49.8227,19.0471,NULL,'2012-04-15 02:54:48','2012-04-15 02:54:48'),(638,NULL,49.8227,19.0485,NULL,'2012-04-15 02:54:50','2012-04-15 02:54:50'),(639,NULL,49.8226,19.0497,NULL,'2012-04-15 02:54:50','2012-04-15 02:54:50'),(640,NULL,49.8224,19.051,NULL,'2012-04-15 02:54:54','2012-04-15 02:54:54'),(641,NULL,49.8223,19.0524,NULL,'2012-04-15 02:54:56','2012-04-15 02:54:56'),(642,NULL,49.8221,19.0527,NULL,'2012-04-15 02:54:57','2012-04-15 02:54:57'),(643,NULL,49.8216,19.0526,NULL,'2012-04-15 02:54:58','2012-04-15 02:54:58'),(644,NULL,49.8211,19.0524,NULL,'2012-04-15 02:55:01','2012-04-15 02:55:01'),(645,NULL,49.8207,19.0521,NULL,'2012-04-15 02:55:02','2012-04-15 02:55:02'),(646,NULL,49.8203,19.0518,NULL,'2012-04-15 02:55:05','2012-04-15 02:55:05'),(647,NULL,49.8196,19.0508,NULL,'2012-04-15 02:55:09','2012-04-15 02:55:09'),(648,NULL,49.8193,19.0507,NULL,'2012-04-15 02:55:21','2012-04-15 02:55:21'),(649,NULL,49.8191,19.051,NULL,'2012-04-15 02:55:22','2012-04-15 02:55:22'),(650,NULL,49.8187,19.0521,NULL,'2012-04-15 02:55:23','2012-04-15 02:55:23'),(651,NULL,49.8183,19.052,NULL,'2012-04-15 02:56:46','2012-04-15 02:56:46'),(652,NULL,49.8177,19.0514,NULL,'2012-04-15 02:56:47','2012-04-15 02:56:47'),(653,NULL,49.8164,19.0509,NULL,'2012-04-15 02:56:54','2012-04-15 02:56:54'),(654,NULL,49.8157,19.0508,NULL,'2012-04-15 02:56:54','2012-04-15 02:56:54'),(655,NULL,49.8156,19.0555,NULL,'2012-04-15 02:56:56','2012-04-15 02:56:56'),(656,1,49.815,19.0555,'Żywiecka/Osiedle Grunwaldzkie','2012-04-15 02:57:13','2012-04-15 02:57:17'),(657,NULL,49.8139,19.0557,NULL,'2012-04-15 02:57:21','2012-04-15 02:57:21'),(658,NULL,49.8122,19.0557,NULL,'2012-04-15 02:57:23','2012-04-15 02:57:23'),(659,NULL,49.8108,19.0557,NULL,'2012-04-15 02:57:34','2012-04-15 02:57:34'),(660,NULL,49.8094,19.0558,NULL,'2012-04-15 02:57:35','2012-04-15 02:57:35'),(661,NULL,49.808,19.0559,NULL,'2012-04-15 02:57:37','2012-04-15 02:57:37'),(662,1,49.8068,19.0558,'Żywiecka/Hotel Magura','2012-04-15 02:57:40','2012-04-15 02:57:44'),(663,NULL,49.8056,19.0559,NULL,'2012-04-15 02:57:48','2012-04-15 02:57:48'),(664,NULL,49.8049,19.0566,NULL,'2012-04-15 02:57:49','2012-04-15 02:57:49'),(665,NULL,49.8038,19.0574,NULL,'2012-04-15 02:57:51','2012-04-15 02:57:51'),(666,1,49.8024,19.0587,'Żywiecka/Leszczyny','2012-04-15 02:58:06','2012-04-15 02:58:17'),(667,NULL,49.8021,19.0591,NULL,'2012-04-15 02:58:13','2012-04-15 02:58:13'),(668,NULL,49.8016,19.0594,NULL,'2012-04-15 02:58:18','2012-04-15 02:58:18'),(669,NULL,49.8012,19.0598,NULL,'2012-04-15 02:58:20','2012-04-15 02:58:20'),(670,NULL,49.8006,19.0602,NULL,'2012-04-15 02:58:29','2012-04-15 02:58:29'),(671,NULL,49.8002,19.0606,NULL,'2012-04-15 02:58:32','2012-04-15 02:58:32'),(672,NULL,49.7988,19.0619,NULL,'2012-04-15 02:58:54','2012-04-15 02:58:54'),(673,NULL,49.797,19.0635,NULL,'2012-04-15 02:59:56','2012-04-15 02:59:56'),(675,1,49.7967,19.0637,'Żywiecka/Pawia','2012-04-15 03:00:12','2012-04-15 03:00:18'),(676,NULL,49.7963,19.0641,NULL,'2012-04-15 03:00:20','2012-04-15 03:00:20'),(677,NULL,49.7957,19.0646,NULL,'2012-04-15 03:00:22','2012-04-15 03:00:22'),(678,NULL,49.7951,19.0652,NULL,'2012-04-15 03:00:24','2012-04-15 03:00:24'),(679,NULL,49.7943,19.0658,NULL,'2012-04-15 03:00:25','2012-04-15 03:00:25'),(680,NULL,49.7936,19.0665,NULL,'2012-04-15 03:00:47','2012-04-15 03:00:47'),(681,NULL,49.7931,19.067,NULL,'2012-04-15 03:00:50','2012-04-15 03:00:50'),(682,1,49.7927,19.0672,'Żywiecka/Dworek','2012-04-15 03:00:57','2012-04-15 03:01:16'),(683,NULL,49.7926,19.0674,NULL,'2012-04-15 03:01:04','2012-04-15 03:01:04'),(684,NULL,49.7923,19.0676,NULL,'2012-04-15 03:01:34','2012-04-15 03:01:34'),(685,NULL,49.7919,19.068,NULL,'2012-04-15 03:01:36','2012-04-15 03:01:36'),(686,NULL,49.7913,19.0686,NULL,'2012-04-15 03:01:37','2012-04-15 03:01:37'),(687,NULL,49.7906,19.0691,NULL,'2012-04-15 03:01:39','2012-04-15 03:01:39'),(688,NULL,49.7902,19.0696,NULL,'2012-04-15 03:01:40','2012-04-15 03:01:40'),(689,NULL,49.7894,19.0702,NULL,'2012-04-15 03:01:43','2012-04-15 03:01:43'),(690,NULL,49.7876,19.0717,NULL,'2012-04-15 03:01:45','2012-04-15 03:01:45'),(691,NULL,49.7863,19.073,NULL,'2012-04-15 03:01:48','2012-04-15 03:01:48'),(692,NULL,49.7861,19.0731,NULL,'2012-04-15 03:01:52','2012-04-15 03:01:52'),(693,1,49.7859,19.073,'Mikuszowice/Dom Ludowy','2012-04-15 03:01:53','2012-04-15 03:01:58'),(694,NULL,49.7859,19.0733,NULL,'2012-04-15 03:02:00','2012-04-15 03:02:00'),(695,NULL,49.7854,19.0737,NULL,'2012-04-15 03:02:02','2012-04-15 03:02:02'),(696,NULL,49.785,19.0742,NULL,'2012-04-15 03:02:04','2012-04-15 03:02:04'),(697,NULL,49.7843,19.0751,NULL,'2012-04-15 03:02:07','2012-04-15 03:02:07'),(698,NULL,49.7838,19.0759,NULL,'2012-04-15 03:02:09','2012-04-15 03:02:09'),(699,NULL,49.7831,19.0769,NULL,'2012-04-15 03:02:12','2012-04-15 03:02:12'),(700,NULL,49.7827,19.0774,NULL,'2012-04-15 03:02:25','2012-04-15 03:02:25'),(701,NULL,49.7819,19.0786,NULL,'2012-04-15 03:02:26','2012-04-15 03:02:26'),(702,NULL,49.7811,19.0797,NULL,'2012-04-15 03:02:28','2012-04-15 03:02:28'),(703,NULL,49.7801,19.0812,NULL,'2012-04-15 03:02:29','2012-04-15 03:02:29'),(704,NULL,49.7793,19.0823,NULL,'2012-04-15 03:02:31','2012-04-15 03:02:31'),(705,1,49.7788,19.083,'Żywiecka/Mikusz. Krakowskie','2012-04-15 03:02:34','2012-04-15 03:02:52'),(706,NULL,49.7781,19.084,NULL,'2012-04-15 03:02:53','2012-04-15 03:02:53'),(707,NULL,49.7769,19.0858,NULL,'2012-04-15 03:02:55','2012-04-15 03:02:55'),(708,NULL,49.7761,19.0869,NULL,'2012-04-15 03:02:57','2012-04-15 03:02:57'),(709,NULL,49.7763,19.0874,NULL,'2012-04-15 03:02:58','2012-04-15 03:02:58'),(710,NULL,49.7766,19.0878,NULL,'2012-04-15 03:03:01','2012-04-15 03:03:01'),(711,1,49.8045,19.0503,'Bora-Komorowskiego/Gemini Park','2012-04-15 03:12:44','2012-04-15 03:17:23'),(713,NULL,49.8042,19.0506,NULL,'2012-04-15 03:13:01','2012-04-15 03:13:01'),(714,NULL,49.8035,19.0486,NULL,'2012-04-15 03:13:02','2012-04-15 03:13:02'),(715,NULL,49.8029,19.0473,NULL,'2012-04-15 03:13:03','2012-04-15 03:13:03'),(716,NULL,49.8023,19.0458,NULL,'2012-04-15 03:13:05','2012-04-15 03:13:05'),(717,NULL,49.8017,19.0443,NULL,'2012-04-15 03:13:08','2012-04-15 03:13:08'),(718,NULL,49.8012,19.0421,NULL,'2012-04-15 03:14:24','2012-04-15 03:14:24'),(719,NULL,49.8008,19.0401,NULL,'2012-04-15 03:14:28','2012-04-15 03:14:28'),(720,NULL,49.8005,19.0375,NULL,'2012-04-15 03:14:31','2012-04-15 03:14:31'),(721,NULL,49.8006,19.035,NULL,'2012-04-15 03:14:32','2012-04-15 03:14:32'),(722,NULL,49.8009,19.0329,NULL,'2012-04-15 03:14:34','2012-04-15 03:14:34'),(723,NULL,49.8015,19.0319,NULL,'2012-04-15 03:14:36','2012-04-15 03:14:36'),(724,NULL,49.8018,19.0315,NULL,'2012-04-15 03:15:00','2012-04-15 03:15:00'),(725,1,49.8024,19.0311,'Osiedle Karpackie/Kościół','2012-04-15 03:15:04','2012-04-15 03:17:37'),(726,NULL,49.803,19.0306,NULL,'2012-04-15 03:17:52','2012-04-15 03:17:52'),(727,NULL,49.8035,19.0304,NULL,'2012-04-15 03:17:54','2012-04-15 03:17:54'),(728,NULL,49.8039,19.0305,NULL,'2012-04-15 03:17:55','2012-04-15 03:17:55'),(729,NULL,49.8045,19.0305,NULL,'2012-04-15 03:17:57','2012-04-15 03:17:57'),(730,1,49.805,19.0306,'Osiedle Karpackie/Kolista','2012-04-15 03:17:59','2012-04-15 03:19:30'),(731,0,49.8058,19.0304,NULL,'2012-04-15 03:18:05','2012-04-15 03:19:12'),(732,0,49.8059,19.0303,NULL,'2012-04-15 03:18:23','2012-04-15 03:19:02'),(733,0,49.8064,19.03,NULL,'2012-04-15 03:18:34','2012-04-15 03:19:04'),(734,0,49.8067,19.0298,NULL,'2012-04-15 03:18:35','2012-04-15 03:19:06'),(735,0,49.807,19.0296,NULL,'2012-04-15 03:18:37','2012-04-15 03:19:09'),(736,NULL,49.8073,19.0295,NULL,'2012-04-15 03:18:38','2012-04-15 03:18:38'),(737,1,49.8083,19.0288,'Osiedle Beskidzkie/Kładka','2012-04-15 03:20:55','2012-04-15 03:21:02'),(739,NULL,49.809,19.0283,NULL,'2012-04-15 03:21:20','2012-04-15 03:21:20'),(750,NULL,49.8092,19.0286,NULL,'2012-04-15 03:22:30','2012-04-15 03:22:30'),(751,NULL,49.8095,19.0287,NULL,'2012-04-15 03:22:31','2012-04-15 03:22:31'),(752,NULL,49.8097,19.0283,NULL,'2012-04-15 03:22:31','2012-04-15 03:22:31'),(753,NULL,49.8099,19.0275,NULL,'2012-04-15 03:22:32','2012-04-15 03:22:32'),(754,NULL,49.8099,19.0249,NULL,'2012-04-15 03:22:34','2012-04-15 03:22:34'),(755,NULL,49.8098,19.024,NULL,'2012-04-15 03:22:35','2012-04-15 03:22:35'),(756,NULL,49.81,19.0238,NULL,'2012-04-15 03:22:36','2012-04-15 03:22:36'),(757,NULL,49.8097,19.0232,NULL,'2012-04-15 03:22:40','2012-04-15 03:22:40'),(758,NULL,49.8098,19.0251,NULL,'2012-04-15 03:22:41','2012-04-15 03:22:41'),(759,NULL,49.8099,19.0266,NULL,'2012-04-15 03:22:42','2012-04-15 03:22:42'),(760,NULL,49.8099,19.0276,NULL,'2012-04-15 03:22:43','2012-04-15 03:22:43'),(761,NULL,49.8095,19.0287,NULL,'2012-04-15 03:22:45','2012-04-15 03:22:45'),(762,NULL,49.8092,19.0285,NULL,'2012-04-15 03:22:46','2012-04-15 03:22:46'),(763,NULL,49.8092,19.028,NULL,'2012-04-15 03:22:47','2012-04-15 03:22:47'),(764,NULL,49.81,19.0271,NULL,'2012-04-15 03:22:49','2012-04-15 03:22:49'),(765,NULL,49.8107,19.0264,NULL,'2012-04-15 03:22:51','2012-04-15 03:22:51'),(766,NULL,49.8112,19.0258,NULL,'2012-04-15 03:23:01','2012-04-15 03:23:01'),(767,NULL,49.8116,19.026,NULL,'2012-04-15 03:23:02','2012-04-15 03:23:02'),(768,NULL,49.8117,19.0272,NULL,'2012-04-15 03:23:03','2012-04-15 03:23:03'),(769,NULL,49.8118,19.0281,NULL,'2012-04-15 03:23:05','2012-04-15 03:23:05'),(770,NULL,49.8121,19.0296,NULL,'2012-04-15 03:23:08','2012-04-15 03:23:08'),(771,NULL,49.8124,19.0308,NULL,'2012-04-15 03:23:09','2012-04-15 03:23:09'),(772,1,49.8127,19.0316,'Michałowicza/SAM','2012-04-15 03:23:11','2012-04-15 03:23:24'),(773,NULL,49.813,19.0331,NULL,'2012-04-15 03:23:34','2012-04-15 03:23:34'),(774,NULL,49.8134,19.034,NULL,'2012-04-15 03:23:36','2012-04-15 03:23:36'),(775,NULL,49.8138,19.0351,NULL,'2012-04-15 03:23:37','2012-04-15 03:23:37'),(776,NULL,49.814,19.0358,NULL,'2012-04-15 03:23:46','2012-04-15 03:23:46'),(777,NULL,49.8143,19.0368,NULL,'2012-04-15 03:23:48','2012-04-15 03:23:48'),(778,1,49.8145,19.0377,NULL,'2012-04-15 03:23:50','2012-04-15 03:23:52'),(780,NULL,49.8148,19.0388,NULL,'2012-04-15 03:23:59','2012-04-15 03:23:59'),(781,NULL,49.8151,19.0394,NULL,'2012-04-15 03:24:00','2012-04-15 03:24:00'),(782,NULL,49.8153,19.0402,NULL,'2012-04-15 03:24:01','2012-04-15 03:24:01'),(783,NULL,49.8156,19.0413,NULL,'2012-04-15 03:24:02','2012-04-15 03:24:02'),(784,NULL,49.8157,19.0425,NULL,'2012-04-15 03:24:04','2012-04-15 03:24:04'),(785,NULL,49.8157,19.0437,NULL,'2012-04-15 03:24:06','2012-04-15 03:24:06'),(786,NULL,49.8156,19.0446,NULL,'2012-04-15 03:24:08','2012-04-15 03:24:08'),(787,NULL,49.8157,19.0454,NULL,'2012-04-15 03:24:09','2012-04-15 03:24:09'),(788,NULL,49.816,19.0464,NULL,'2012-04-15 03:24:10','2012-04-15 03:24:10'),(789,NULL,49.8161,19.0467,NULL,'2012-04-15 03:24:12','2012-04-15 03:24:12'),(790,NULL,49.816,19.0474,NULL,'2012-04-15 03:24:12','2012-04-15 03:24:12'),(791,NULL,49.8158,19.048,NULL,'2012-04-15 03:24:14','2012-04-15 03:24:14'),(792,NULL,49.8156,19.0485,NULL,'2012-04-15 03:24:16','2012-04-15 03:24:16'),(793,1,49.8155,19.0489,'PCK/Trasa W-Z','2012-04-15 03:24:18','2012-04-15 03:24:36'),(794,NULL,49.8156,19.0496,NULL,'2012-04-15 03:24:44','2012-04-15 03:24:44'),(795,NULL,49.8156,19.0504,NULL,'2012-04-15 03:24:45','2012-04-15 03:24:45'),(796,NULL,49.8157,19.0508,NULL,'2012-04-15 03:24:47','2012-04-15 03:24:47'),(797,NULL,49.8158,19.051,NULL,'2012-04-15 03:24:47','2012-04-15 03:24:47'),(798,NULL,49.8161,19.051,NULL,'2012-04-15 03:24:49','2012-04-15 03:24:49'),(799,NULL,49.8165,19.051,NULL,'2012-04-15 03:24:50','2012-04-15 03:24:50'),(800,NULL,49.8171,19.0512,NULL,'2012-04-15 03:24:52','2012-04-15 03:24:52'),(801,NULL,49.8177,19.0516,NULL,'2012-04-15 03:24:54','2012-04-15 03:24:54'),(802,NULL,49.8179,19.0515,NULL,'2012-04-15 03:24:55','2012-04-15 03:24:55'),(803,NULL,49.818,19.049,NULL,'2012-04-15 03:24:56','2012-04-15 03:24:56'),(804,NULL,49.8186,19.0497,NULL,'2012-04-15 03:24:58','2012-04-15 03:24:58'),(805,NULL,49.8191,19.0502,NULL,'2012-04-15 03:24:59','2012-04-15 03:24:59'),(806,NULL,49.8195,19.0509,NULL,'2012-04-15 03:25:02','2012-04-15 03:25:02'),(807,NULL,49.8205,19.052,NULL,'2012-04-15 03:25:07','2012-04-15 03:25:07'),(808,NULL,49.8211,19.0525,NULL,'2012-04-15 03:25:08','2012-04-15 03:25:08'),(809,NULL,49.8218,19.0527,NULL,'2012-04-15 03:25:11','2012-04-15 03:25:11'),(810,NULL,49.822,19.0531,NULL,'2012-04-15 03:25:13','2012-04-15 03:25:13'),(811,0,49.8218,19.0542,NULL,'2012-04-15 03:25:14','2012-04-15 03:26:39'),(812,NULL,49.8217,19.0548,NULL,'2012-04-15 03:25:17','2012-04-15 03:25:17'),(813,NULL,49.822,19.0549,NULL,'2012-04-15 03:25:17','2012-04-15 03:25:17'),(814,NULL,49.8233,19.0562,NULL,'2012-04-15 03:25:37','2012-04-15 03:25:37'),(815,NULL,49.8237,19.0566,NULL,'2012-04-15 03:25:38','2012-04-15 03:25:38'),(816,NULL,49.8239,19.0558,NULL,'2012-04-15 03:25:39','2012-04-15 03:25:39'),(820,NULL,49.824,19.0549,NULL,'2012-04-15 03:27:03','2012-04-15 03:27:03'),(821,NULL,49.8241,19.0538,NULL,'2012-04-15 03:27:05','2012-04-15 03:27:05'),(822,NULL,49.8245,19.0524,NULL,'2012-04-15 03:27:08','2012-04-15 03:27:08'),(823,NULL,49.825,19.0525,NULL,'2012-04-15 03:27:09','2012-04-15 03:27:09'),(824,NULL,49.8255,19.0526,NULL,'2012-04-15 03:27:10','2012-04-15 03:27:10'),(825,NULL,49.826,19.0527,NULL,'2012-04-15 03:27:12','2012-04-15 03:27:12'),(826,NULL,49.8264,19.0529,NULL,'2012-04-15 03:27:13','2012-04-15 03:27:13'),(827,NULL,49.8269,19.053,NULL,'2012-04-15 03:27:14','2012-04-15 03:27:14'),(828,NULL,49.8273,19.0531,NULL,'2012-04-15 03:27:16','2012-04-15 03:27:16'),(829,NULL,49.8304,19.0536,NULL,'2012-04-15 03:27:27','2012-04-15 03:27:27'),(830,NULL,49.8322,19.0538,NULL,'2012-04-15 03:27:28','2012-04-15 03:27:28'),(831,NULL,49.8336,19.054,NULL,'2012-04-15 03:27:30','2012-04-15 03:27:30'),(832,NULL,49.8345,19.0547,NULL,'2012-04-15 03:27:31','2012-04-15 03:27:31'),(833,NULL,49.8374,19.0541,NULL,'2012-04-15 03:27:59','2012-04-15 03:27:59'),(834,NULL,49.8385,19.0528,NULL,'2012-04-15 03:28:00','2012-04-15 03:28:00'),(835,NULL,49.8397,19.0519,NULL,'2012-04-15 03:28:02','2012-04-15 03:28:02'),(836,NULL,49.8406,19.0517,NULL,'2012-04-15 03:28:06','2012-04-15 03:28:06'),(837,NULL,49.8407,19.0518,NULL,'2012-04-15 03:28:08','2012-04-15 03:28:08'),(838,NULL,49.8409,19.0517,NULL,'2012-04-15 03:28:09','2012-04-15 03:28:09'),(839,1,49.8419,19.0512,'Komorowicka/Czerwona','2012-04-15 03:28:21','2012-04-15 03:28:41'),(840,NULL,49.8424,19.0508,NULL,'2012-04-15 03:30:06','2012-04-15 03:30:06'),(841,NULL,49.8429,19.0506,NULL,'2012-04-15 03:30:08','2012-04-15 03:30:08'),(842,NULL,49.8438,19.0503,NULL,'2012-04-15 03:30:23','2012-04-15 03:30:23'),(843,1,49.8449,19.0496,'Komorowicka/Mostek','2012-04-15 03:30:37','2012-04-15 03:30:47'),(844,NULL,49.8456,19.0489,NULL,'2012-04-15 03:31:33','2012-04-15 03:31:33'),(845,NULL,49.8458,19.0486,NULL,'2012-04-15 03:31:35','2012-04-15 03:31:35'),(846,NULL,49.8461,19.0482,NULL,'2012-04-15 03:31:37','2012-04-15 03:31:37'),(847,1,49.8463,19.0479,'Komorowicka/Piekarnia','2012-04-15 03:31:43','2012-04-15 03:31:47'),(848,NULL,49.8466,19.0476,NULL,'2012-04-15 03:31:49','2012-04-15 03:31:49'),(849,NULL,49.8468,19.0474,NULL,'2012-04-15 03:31:50','2012-04-15 03:31:50'),(850,NULL,49.8471,19.0472,NULL,'2012-04-15 03:31:52','2012-04-15 03:31:52'),(851,NULL,49.8473,19.047,NULL,'2012-04-15 03:31:53','2012-04-15 03:31:53'),(852,NULL,49.8476,19.0467,NULL,'2012-04-15 03:31:54','2012-04-15 03:31:54'),(853,NULL,49.8478,19.0464,NULL,'2012-04-15 03:31:56','2012-04-15 03:31:56'),(854,NULL,49.8481,19.0458,NULL,'2012-04-15 03:31:58','2012-04-15 03:31:58'),(855,NULL,49.8484,19.045,NULL,'2012-04-15 03:32:00','2012-04-15 03:32:00'),(856,NULL,49.8488,19.0442,NULL,'2012-04-15 03:32:03','2012-04-15 03:32:03'),(857,NULL,49.8493,19.0431,NULL,'2012-04-15 03:32:05','2012-04-15 03:32:05'),(858,NULL,49.8501,19.0413,NULL,'2012-04-15 03:32:16','2012-04-15 03:32:16'),(859,NULL,49.8504,19.0406,NULL,'2012-04-15 03:32:17','2012-04-15 03:32:17'),(860,NULL,49.8511,19.04,NULL,'2012-04-15 03:32:18','2012-04-15 03:32:18'),(861,NULL,49.8519,19.04,NULL,'2012-04-15 03:32:20','2012-04-15 03:32:20'),(862,NULL,49.8525,19.0402,NULL,'2012-04-15 03:32:22','2012-04-15 03:32:22'),(863,1,49.8528,19.0421,'Komorowice/Olimpijska','2012-04-15 03:32:25','2012-04-15 03:32:34'),(864,NULL,49.8531,19.0435,NULL,'2012-04-15 03:32:52','2012-04-15 03:32:52'),(865,NULL,49.8533,19.0449,NULL,'2012-04-15 03:32:54','2012-04-15 03:32:54'),(866,NULL,49.8533,19.0491,NULL,'2012-04-15 03:33:20','2012-04-15 03:33:20'),(867,NULL,49.8534,19.0493,NULL,'2012-04-15 03:33:31','2012-04-15 03:33:31'),(868,NULL,49.8552,19.0486,NULL,'2012-04-15 03:33:32','2012-04-15 03:33:32'),(869,NULL,49.8565,19.0485,NULL,'2012-04-15 03:33:40','2012-04-15 03:33:40'),(870,NULL,49.8571,19.0485,NULL,'2012-04-15 03:33:48','2012-04-15 03:33:48'),(871,NULL,49.8573,19.0486,NULL,'2012-04-15 03:33:49','2012-04-15 03:33:49'),(872,NULL,49.8574,19.0485,NULL,'2012-04-15 03:33:50','2012-04-15 03:33:50'),(873,1,49.8579,19.0485,'Bestwińska/Zakręt','2012-04-15 03:33:55','2012-04-15 03:34:00'),(874,NULL,49.8584,19.0484,NULL,'2012-04-15 03:34:08','2012-04-15 03:34:08'),(875,NULL,49.8589,19.0483,NULL,'2012-04-15 03:34:10','2012-04-15 03:34:10'),(876,NULL,49.8594,19.0483,NULL,'2012-04-15 03:34:11','2012-04-15 03:34:11'),(877,NULL,49.8598,19.0483,NULL,'2012-04-15 03:34:13','2012-04-15 03:34:13'),(878,NULL,49.8602,19.0483,NULL,'2012-04-15 03:34:15','2012-04-15 03:34:15'),(879,NULL,49.8627,19.0481,NULL,'2012-04-15 03:36:00','2012-04-15 03:36:00'),(880,1,49.8639,19.048,'Bestwińska/Oczyszczalnia','2012-04-15 03:36:02','2012-04-15 03:36:05'),(881,NULL,49.8655,19.0478,NULL,'2012-04-15 03:36:17','2012-04-15 03:36:17'),(882,NULL,49.8674,19.0474,NULL,'2012-04-15 03:36:22','2012-04-15 03:36:22'),(884,NULL,49.8681,19.0472,NULL,'2012-04-15 03:36:57','2012-04-15 03:36:57'),(885,1,49.8685,19.0473,'Bestwińska/Cegielnia','2012-04-15 03:36:59','2012-04-15 03:37:18'),(886,NULL,49.8692,19.0476,NULL,'2012-04-15 03:37:20','2012-04-15 03:37:20'),(887,NULL,49.8697,19.0478,NULL,'2012-04-15 03:37:21','2012-04-15 03:37:21'),(888,NULL,49.8706,19.048,NULL,'2012-04-15 03:37:37','2012-04-15 03:37:37'),(889,1,49.8708,19.048,'Bestwińska/Krompark','2012-04-15 03:37:55','2012-04-15 03:39:13'),(890,NULL,49.8714,19.0483,NULL,'2012-04-15 03:38:12','2012-04-15 03:38:12'),(891,NULL,49.872,19.0486,NULL,'2012-04-15 03:38:14','2012-04-15 03:38:14'),(892,NULL,49.8725,19.0488,NULL,'2012-04-15 03:38:15','2012-04-15 03:38:15'),(893,NULL,49.8729,19.0494,NULL,'2012-04-15 03:38:23','2012-04-15 03:38:23'),(894,NULL,49.8733,19.0505,NULL,'2012-04-15 03:38:24','2012-04-15 03:38:24'),(895,NULL,49.8738,19.0511,NULL,'2012-04-15 03:38:26','2012-04-15 03:38:26'),(896,NULL,49.8746,19.0514,NULL,'2012-04-15 03:38:27','2012-04-15 03:38:27'),(897,NULL,49.875,19.0517,NULL,'2012-04-15 03:38:29','2012-04-15 03:38:29'),(898,NULL,49.8752,19.0523,NULL,'2012-04-15 03:38:30','2012-04-15 03:38:30'),(899,NULL,49.8761,19.0531,NULL,'2012-04-15 03:38:31','2012-04-15 03:38:31'),(900,NULL,49.8768,19.0537,NULL,'2012-04-15 03:38:32','2012-04-15 03:38:32'),(901,NULL,49.8775,19.0536,NULL,'2012-04-15 03:38:34','2012-04-15 03:38:34'),(902,NULL,49.8784,19.0541,NULL,'2012-04-15 03:38:38','2012-04-15 03:38:38'),(903,NULL,49.8793,19.0544,NULL,'2012-04-15 03:38:39','2012-04-15 03:38:39'),(904,NULL,49.8801,19.0544,NULL,'2012-04-15 03:38:40','2012-04-15 03:38:40'),(905,NULL,49.8802,19.0541,NULL,'2012-04-15 03:38:42','2012-04-15 03:38:42'),(906,1,49.88,19.054,'Komorowice Sosna','2012-04-15 03:38:43','2012-04-15 03:39:01'),(907,1,49.8072,19.0788,'Langiewicza/Basen','2012-04-15 03:42:08','2012-04-15 03:42:13'),(908,NULL,49.8069,19.0778,NULL,'2012-04-15 03:42:25','2012-04-15 03:42:25'),(909,NULL,49.8068,19.0768,NULL,'2012-04-15 03:42:26','2012-04-15 03:42:26'),(910,NULL,49.8066,19.0765,NULL,'2012-04-15 03:42:30','2012-04-15 03:42:30'),(911,NULL,49.8063,19.075,NULL,'2012-04-15 03:42:32','2012-04-15 03:42:32'),(912,1,49.8061,19.074,'Łagodna/Osiedle','2012-04-15 03:42:34','2012-04-15 03:42:37'),(913,NULL,49.8059,19.0732,NULL,'2012-04-15 03:42:46','2012-04-15 03:42:46'),(914,NULL,49.8056,19.072,NULL,'2012-04-15 03:42:47','2012-04-15 03:42:47'),(915,NULL,49.8054,19.0711,NULL,'2012-04-15 03:42:49','2012-04-15 03:42:49'),(916,1,49.805,19.0697,'Łagodna/Złotych Kłosów','2012-04-15 03:42:51','2012-04-15 03:42:55'),(917,NULL,49.8048,19.0689,NULL,'2012-04-15 03:43:03','2012-04-15 03:43:03'),(918,NULL,49.8046,19.068,NULL,'2012-04-15 03:43:05','2012-04-15 03:43:05'),(919,NULL,49.8047,19.0673,NULL,'2012-04-15 03:43:07','2012-04-15 03:43:07'),(920,NULL,49.8048,19.0667,NULL,'2012-04-15 03:43:08','2012-04-15 03:43:08'),(921,NULL,49.8049,19.0658,NULL,'2012-04-15 03:43:13','2012-04-15 03:43:13'),(922,NULL,49.8048,19.0643,NULL,'2012-04-15 03:43:14','2012-04-15 03:43:14'),(924,1,49.8048,19.0635,'Łagodna/Szkoła','2012-04-15 03:44:32','2012-04-15 03:44:44'),(925,NULL,49.805,19.0623,NULL,'2012-04-15 03:44:57','2012-04-15 03:44:57'),(926,NULL,49.8052,19.0624,NULL,'2012-04-15 03:44:58','2012-04-15 03:44:58'),(927,NULL,49.8057,19.0625,NULL,'2012-04-15 03:45:00','2012-04-15 03:45:00'),(928,NULL,49.8058,19.0624,NULL,'2012-04-15 03:45:04','2012-04-15 03:45:04'),(929,0,49.8061,19.0625,'','2012-04-15 03:45:08','2012-04-15 03:45:20'),(930,1,49.8062,19.0625,'Osiedle Złote Łany','2012-04-15 03:45:16','2012-04-15 03:45:24'),(931,NULL,49.8064,19.0623,NULL,'2012-04-15 03:45:25','2012-04-15 03:45:25'),(932,NULL,49.8067,19.0623,NULL,'2012-04-15 03:45:26','2012-04-15 03:45:26'),(933,NULL,49.8069,19.0623,NULL,'2012-04-15 03:45:28','2012-04-15 03:45:28'),(934,NULL,49.8071,19.0624,NULL,'2012-04-15 03:45:29','2012-04-15 03:45:29'),(935,NULL,49.8073,19.0624,NULL,'2012-04-15 03:45:30','2012-04-15 03:45:30'),(936,NULL,49.8075,19.0625,NULL,'2012-04-15 03:45:32','2012-04-15 03:45:32'),(937,NULL,49.8082,19.0629,NULL,'2012-04-15 03:45:52','2012-04-15 03:45:52'),(938,NULL,49.8087,19.0631,NULL,'2012-04-15 03:45:59','2012-04-15 03:45:59'),(942,0,49.8092,19.0632,'','2012-04-15 03:46:25','2012-04-15 03:47:03'),(943,NULL,49.8106,19.0624,NULL,'2012-04-15 03:47:06','2012-04-15 03:47:06'),(944,1,49.8114,19.0621,'Jutrzenki/SAM','2012-04-15 03:47:07','2012-04-15 03:47:13'),(945,NULL,49.8118,19.062,NULL,'2012-04-15 03:47:17','2012-04-15 03:47:17'),(946,NULL,49.8117,19.0598,NULL,'2012-04-15 03:47:44','2012-04-15 03:47:44'),(947,NULL,49.8117,19.0559,NULL,'2012-04-15 03:47:45','2012-04-15 03:47:45'),(948,NULL,49.8134,19.0558,NULL,'2012-04-15 03:47:48','2012-04-15 03:47:48'),(949,NULL,49.8148,19.0557,NULL,'2012-04-15 03:47:50','2012-04-15 03:47:50'),(950,NULL,49.8156,19.0557,NULL,'2012-04-15 03:47:52','2012-04-15 03:47:52'),(952,0,49.8157,19.0552,'PCK/Trasa W-Z','2012-04-15 03:48:35','2012-04-15 03:48:55'),(953,NULL,49.8157,19.0548,NULL,'2012-04-15 03:48:40','2012-04-15 03:48:40'),(954,NULL,49.8157,19.0544,NULL,'2012-04-15 03:48:42','2012-04-15 03:48:42'),(955,NULL,49.8157,19.0531,NULL,'2012-04-15 03:48:45','2012-04-15 03:48:45'),(956,NULL,49.8157,19.0511,NULL,'2012-04-15 03:49:09','2012-04-15 03:49:09'),(957,1,49.8157,19.0503,'PCK/Trasa W-Z','2012-04-15 03:49:11','2012-04-15 03:49:17'),(958,NULL,49.8156,19.0492,NULL,'2012-04-15 03:49:18','2012-04-15 03:49:18'),(959,NULL,49.8157,19.0484,NULL,'2012-04-15 03:49:20','2012-04-15 03:49:20'),(960,NULL,49.8159,19.0479,NULL,'2012-04-15 03:49:21','2012-04-15 03:49:21'),(961,NULL,49.816,19.0474,NULL,'2012-04-15 03:49:24','2012-04-15 03:49:24'),(962,NULL,49.8161,19.0469,NULL,'2012-04-15 03:49:26','2012-04-15 03:49:26'),(963,NULL,49.8161,19.0465,NULL,'2012-04-15 03:49:27','2012-04-15 03:49:27'),(964,NULL,49.8159,19.0458,NULL,'2012-04-15 03:49:29','2012-04-15 03:49:29'),(965,NULL,49.8158,19.0451,NULL,'2012-04-15 03:49:31','2012-04-15 03:49:31'),(966,NULL,49.8157,19.0446,NULL,'2012-04-15 03:49:32','2012-04-15 03:49:32'),(967,1,49.8159,19.0445,'Plac Mickiewicza/Łącznik','2012-04-15 03:49:34','2012-04-15 03:49:45'),(968,NULL,49.8162,19.0441,NULL,'2012-04-15 03:49:48','2012-04-15 03:49:48'),(969,NULL,49.8164,19.044,NULL,'2012-04-15 03:49:50','2012-04-15 03:49:50'),(970,NULL,49.8167,19.0439,NULL,'2012-04-15 03:49:51','2012-04-15 03:49:51'),(971,NULL,49.817,19.0438,NULL,'2012-04-15 03:49:53','2012-04-15 03:49:53'),(972,NULL,49.8173,19.0437,NULL,'2012-04-15 03:49:54','2012-04-15 03:49:54'),(973,NULL,49.8179,19.0435,NULL,'2012-04-15 03:49:58','2012-04-15 03:49:58'),(974,NULL,49.8185,19.0436,NULL,'2012-04-15 03:50:10','2012-04-15 03:50:10'),(975,NULL,49.8187,19.0437,NULL,'2012-04-15 03:50:17','2012-04-15 03:50:17'),(976,1,49.8189,19.0437,'Plac Żwirki i Wigury','2012-04-15 03:50:20','2012-04-15 03:50:32'),(977,NULL,49.8197,19.044,NULL,'2012-04-15 03:50:44','2012-04-15 03:50:44'),(978,NULL,49.8204,19.0443,NULL,'2012-04-15 03:50:45','2012-04-15 03:50:45'),(979,NULL,49.8209,19.0446,NULL,'2012-04-15 03:50:47','2012-04-15 03:50:47'),(980,NULL,49.8215,19.045,NULL,'2012-04-15 03:50:48','2012-04-15 03:50:48'),(981,NULL,49.822,19.0452,NULL,'2012-04-15 03:50:49','2012-04-15 03:50:49'),(982,NULL,49.8227,19.045,NULL,'2012-04-15 03:50:51','2012-04-15 03:50:51'),(983,NULL,49.8234,19.045,NULL,'2012-04-15 03:50:52','2012-04-15 03:50:52'),(984,NULL,49.8244,19.0449,NULL,'2012-04-15 03:50:55','2012-04-15 03:50:55'),(985,NULL,49.8251,19.0448,NULL,'2012-04-15 03:50:56','2012-04-15 03:50:56'),(986,NULL,49.8258,19.0449,NULL,'2012-04-15 03:50:57','2012-04-15 03:50:57'),(987,NULL,49.8264,19.0448,NULL,'2012-04-15 03:50:58','2012-04-15 03:50:58'),(988,NULL,49.8271,19.0448,NULL,'2012-04-15 03:50:59','2012-04-15 03:50:59'),(989,NULL,49.8288,19.0446,NULL,'2012-04-15 03:51:04','2012-04-15 03:51:04'),(990,NULL,49.8293,19.0445,NULL,'2012-04-15 03:51:05','2012-04-15 03:51:05'),(991,NULL,49.8293,19.0439,NULL,'2012-04-15 03:51:07','2012-04-15 03:51:07'),(992,NULL,49.829,19.0427,NULL,'2012-04-15 03:51:08','2012-04-15 03:51:08'),(993,NULL,49.8285,19.041,NULL,'2012-04-15 03:51:12','2012-04-15 03:51:12'),(994,NULL,49.8267,19.0352,NULL,'2012-04-15 03:51:28','2012-04-15 03:51:28'),(995,NULL,49.8263,19.0335,NULL,'2012-04-15 03:51:29','2012-04-15 03:51:29'),(996,NULL,49.826,19.0328,NULL,'2012-04-15 03:51:37','2012-04-15 03:51:37'),(997,NULL,49.8255,19.0312,NULL,'2012-04-15 03:51:38','2012-04-15 03:51:38'),(998,NULL,49.8242,19.028,NULL,'2012-04-15 03:51:42','2012-04-15 03:51:42'),(999,NULL,49.8237,19.027,NULL,'2012-04-15 03:51:44','2012-04-15 03:51:44'),(1000,NULL,49.8231,19.0256,NULL,'2012-04-15 03:51:46','2012-04-15 03:51:46'),(1001,NULL,49.8225,19.0249,NULL,'2012-04-15 03:51:54','2012-04-15 03:51:54'),(1002,NULL,49.8208,19.0232,NULL,'2012-04-15 03:52:05','2012-04-15 03:52:05'),(1003,NULL,49.8199,19.0226,NULL,'2012-04-15 03:52:07','2012-04-15 03:52:07'),(1004,NULL,49.8187,19.0221,NULL,'2012-04-15 03:52:09','2012-04-15 03:52:09'),(1005,NULL,49.8173,19.0216,NULL,'2012-04-15 03:52:11','2012-04-15 03:52:11'),(1006,NULL,49.8164,19.0219,NULL,'2012-04-15 03:52:12','2012-04-15 03:52:12'),(1007,NULL,49.8159,19.0218,NULL,'2012-04-15 03:52:13','2012-04-15 03:52:13'),(1008,NULL,49.8152,19.021,NULL,'2012-04-15 03:52:15','2012-04-15 03:52:15'),(1009,NULL,49.8149,19.0198,NULL,'2012-04-15 03:52:17','2012-04-15 03:52:17'),(1010,NULL,49.8143,19.0176,NULL,'2012-04-15 03:52:22','2012-04-15 03:52:22'),(1011,NULL,49.8142,19.017,NULL,'2012-04-15 03:52:26','2012-04-15 03:52:26'),(1012,NULL,49.8146,19.0164,NULL,'2012-04-15 03:52:27','2012-04-15 03:52:27'),(1013,NULL,49.8156,19.0154,NULL,'2012-04-15 03:52:29','2012-04-15 03:52:29'),(1014,NULL,49.8165,19.0151,NULL,'2012-04-15 03:52:31','2012-04-15 03:52:31'),(1015,NULL,49.8173,19.0142,NULL,'2012-04-15 03:52:37','2012-04-15 03:52:37'),(1016,NULL,49.8176,19.0139,NULL,'2012-04-15 03:52:40','2012-04-15 03:52:40'),(1017,NULL,49.8177,19.0139,NULL,'2012-04-15 03:52:41','2012-04-15 03:52:41'),(1018,NULL,49.8177,19.0137,NULL,'2012-04-15 03:52:42','2012-04-15 03:52:42'),(1019,NULL,49.8176,19.0135,NULL,'2012-04-15 03:52:43','2012-04-15 03:52:43'),(1020,1,49.8176,19.0131,'Osiedle Kopernika','2012-04-15 03:52:44','2012-04-15 03:52:59'),(1021,NULL,49.8174,19.0126,NULL,'2012-04-15 03:53:02','2012-04-15 03:53:02'),(1022,NULL,49.8171,19.0119,NULL,'2012-04-15 03:53:03','2012-04-15 03:53:03'),(1023,NULL,49.8166,19.011,NULL,'2012-04-15 03:53:05','2012-04-15 03:53:05'),(1024,NULL,49.8164,19.0107,NULL,'2012-04-15 03:53:22','2012-04-15 03:53:22'),(1025,NULL,49.8161,19.0092,NULL,'2012-04-15 03:53:24','2012-04-15 03:53:24'),(1026,NULL,49.8159,19.0082,NULL,'2012-04-15 03:53:33','2012-04-15 03:53:33'),(1027,NULL,49.8157,19.0061,NULL,'2012-04-15 03:53:39','2012-04-15 03:53:39'),(1028,NULL,49.8155,19.0047,NULL,'2012-04-15 03:53:43','2012-04-15 03:53:43'),(1029,NULL,49.8153,19.0041,NULL,'2012-04-15 03:53:46','2012-04-15 03:53:46'),(1030,NULL,49.8152,19.0038,NULL,'2012-04-15 03:53:49','2012-04-15 03:53:49'),(1031,1,49.8152,19.0034,'Osiedle Wojska Polskiego','2012-04-15 03:53:50','2012-04-15 03:53:59'),(1032,NULL,49.8151,19.0033,NULL,'2012-04-15 03:54:01','2012-04-15 03:54:01'),(1033,NULL,49.8149,19.0033,NULL,'2012-04-15 03:54:02','2012-04-15 03:54:02'),(1034,NULL,49.8146,19.0027,NULL,'2012-04-15 03:54:04','2012-04-15 03:54:04'),(1035,NULL,49.8144,19.0021,NULL,'2012-04-15 03:54:05','2012-04-15 03:54:05'),(1036,NULL,49.8143,19.001,NULL,'2012-04-15 03:54:08','2012-04-15 03:54:08'),(1037,1,49.8143,19.0003,'Tańskiego/Skrzydlewskiego','2012-04-15 03:54:10','2012-04-15 03:54:46'),(1040,NULL,49.8143,18.9998,NULL,'2012-04-15 03:54:48','2012-04-15 03:54:48'),(1041,NULL,49.8143,18.9995,NULL,'2012-04-15 03:54:50','2012-04-15 03:54:50'),(1042,NULL,49.8143,18.999,NULL,'2012-04-15 03:54:51','2012-04-15 03:54:51'),(1043,NULL,49.8142,18.9984,NULL,'2012-04-15 03:54:53','2012-04-15 03:54:53'),(1044,NULL,49.8141,18.998,NULL,'2012-04-15 03:54:54','2012-04-15 03:54:54'),(1045,NULL,49.8139,18.9977,NULL,'2012-04-15 03:54:57','2012-04-15 03:54:57'),(1046,NULL,49.8136,18.9973,NULL,'2012-04-15 03:54:59','2012-04-15 03:54:59'),(1047,NULL,49.8135,18.9971,NULL,'2012-04-15 03:55:00','2012-04-15 03:55:00'),(1048,NULL,49.8133,18.9969,NULL,'2012-04-15 03:55:02','2012-04-15 03:55:02'),(1049,NULL,49.8132,18.9967,NULL,'2012-04-15 03:55:03','2012-04-15 03:55:03'),(1050,NULL,49.8131,18.9965,NULL,'2012-04-15 03:55:05','2012-04-15 03:55:05'),(1051,NULL,49.8126,18.9958,NULL,'2012-04-15 03:55:09','2012-04-15 03:55:09'),(1052,1,49.8121,18.9952,'Osiedle Polskich Skrzydeł','2012-04-15 03:55:20','2012-04-15 03:55:48');
/*!40000 ALTER TABLE `locations` ENABLE KEYS */;
UNLOCK TABLES;

--
-- Table structure for table `route_connections`
--

DROP TABLE IF EXISTS `route_connections`;
/*!40101 SET @saved_cs_client     = @@character_set_client */;
/*!40101 SET character_set_client = utf8 */;
CREATE TABLE `route_connections` (
  `id` int(11) NOT NULL AUTO_INCREMENT,
  `location_id` int(11) DEFAULT NULL,
  `route_id` int(11) DEFAULT NULL,
  `created_at` datetime NOT NULL,
  `updated_at` datetime NOT NULL,
  PRIMARY KEY (`id`)
) ENGINE=InnoDB AUTO_INCREMENT=1089 DEFAULT CHARSET=utf8 COLLATE=utf8_unicode_ci;
/*!40101 SET character_set_client = @saved_cs_client */;

--
-- Dumping data for table `route_connections`
--

LOCK TABLES `route_connections` WRITE;
/*!40000 ALTER TABLE `route_connections` DISABLE KEYS */;
INSERT INTO `route_connections` VALUES (1,131,2,'2012-04-14 07:29:32','2012-04-14 08:38:21'),(2,130,2,'2012-04-14 07:29:31','2012-04-14 08:38:21'),(3,129,2,'2012-04-14 07:29:29','2012-04-14 08:38:21'),(4,128,2,'2012-04-14 07:29:27','2012-04-14 08:38:21'),(5,127,2,'2012-04-14 07:28:59','2012-04-14 08:38:22'),(6,126,2,'2012-04-14 07:28:56','2012-04-14 08:38:22'),(7,125,2,'2012-04-14 07:28:25','2012-04-14 08:38:22'),(8,124,2,'2012-04-14 07:28:19','2012-04-14 08:38:22'),(9,122,2,'2012-04-14 07:27:44','2012-04-14 08:38:22'),(10,121,2,'2012-04-14 07:27:41','2012-04-14 08:38:22'),(11,120,2,'2012-04-14 07:27:39','2012-04-14 08:38:22'),(12,119,2,'2012-04-14 07:27:30','2012-04-14 08:38:22'),(13,118,2,'2012-04-14 07:27:21','2012-04-14 08:38:22'),(14,115,2,'2012-04-14 07:26:58','2012-04-14 08:38:22'),(15,114,2,'2012-04-14 07:26:55','2012-04-14 08:38:22'),(16,113,2,'2012-04-14 07:26:49','2012-04-14 08:38:22'),(17,112,2,'2012-04-14 07:25:57','2012-04-14 08:38:22'),(18,111,2,'2012-04-14 07:25:49','2012-04-14 08:38:22'),(19,110,2,'2012-04-14 07:25:37','2012-04-14 08:38:22'),(20,109,2,'2012-04-14 07:25:36','2012-04-14 08:38:22'),(21,108,2,'2012-04-14 07:25:33','2012-04-14 08:38:22'),(22,107,2,'2012-04-14 07:25:22','2012-04-14 08:38:22'),(23,106,2,'2012-04-14 07:25:20','2012-04-14 08:38:22'),(24,105,2,'2012-04-14 07:25:19','2012-04-14 08:38:22'),(25,104,2,'2012-04-14 07:25:17','2012-04-14 08:38:22'),(26,103,2,'2012-04-14 07:25:13','2012-04-14 08:38:22'),(27,102,2,'2012-04-14 07:24:55','2012-04-14 08:38:22'),(28,101,2,'2012-04-14 07:24:52','2012-04-14 08:38:23'),(29,100,2,'2012-04-14 07:24:49','2012-04-14 08:38:23'),(30,99,2,'2012-04-14 07:24:48','2012-04-14 08:38:23'),(31,98,2,'2012-04-14 07:24:46','2012-04-14 08:38:23'),(32,97,2,'2012-04-14 07:24:20','2012-04-14 08:38:23'),(33,96,2,'2012-04-14 07:24:10','2012-04-14 08:38:23'),(34,95,2,'2012-04-14 07:24:08','2012-04-14 08:38:23'),(35,94,2,'2012-04-14 07:23:53','2012-04-14 08:38:23'),(36,93,2,'2012-04-14 07:23:50','2012-04-14 08:38:23'),(37,91,2,'2012-04-14 07:23:43','2012-04-14 08:38:23'),(38,90,2,'2012-04-14 07:23:40','2012-04-14 08:38:23'),(39,89,2,'2012-04-14 07:23:38','2012-04-14 08:38:23'),(40,88,2,'2012-04-14 07:23:36','2012-04-14 08:38:23'),(41,87,2,'2012-04-14 07:23:33','2012-04-14 08:38:23'),(42,86,2,'2012-04-14 07:23:32','2012-04-14 08:38:23'),(43,85,2,'2012-04-14 07:23:30','2012-04-14 08:38:23'),(44,84,2,'2012-04-14 07:23:26','2012-04-14 08:38:23'),(45,83,2,'2012-04-14 07:23:22','2012-04-14 08:38:23'),(46,82,2,'2012-04-14 07:23:20','2012-04-14 08:38:23'),(47,81,2,'2012-04-14 07:23:19','2012-04-14 08:38:23'),(48,80,2,'2012-04-14 07:23:14','2012-04-14 08:38:23'),(49,79,2,'2012-04-14 07:23:11','2012-04-14 08:38:23'),(50,78,2,'2012-04-14 07:23:09','2012-04-14 08:38:23'),(51,77,2,'2012-04-14 07:23:05','2012-04-14 08:38:24'),(52,76,2,'2012-04-14 07:23:04','2012-04-14 08:38:24'),(53,75,2,'2012-04-14 07:23:02','2012-04-14 08:38:24'),(54,73,2,'2012-04-14 07:22:52','2012-04-14 08:38:24'),(55,72,2,'2012-04-14 07:22:50','2012-04-14 08:38:24'),(56,71,2,'2012-04-14 07:22:43','2012-04-14 08:38:24'),(57,70,2,'2012-04-14 07:21:43','2012-04-14 08:38:24'),(58,69,2,'2012-04-14 07:21:42','2012-04-14 08:38:24'),(59,68,2,'2012-04-14 07:21:39','2012-04-14 08:38:24'),(60,67,2,'2012-04-14 07:21:33','2012-04-14 08:38:24'),(61,66,2,'2012-04-14 07:21:30','2012-04-14 08:38:24'),(62,65,2,'2012-04-14 07:21:27','2012-04-14 08:38:24'),(63,64,2,'2012-04-14 07:21:26','2012-04-14 08:38:24'),(64,63,2,'2012-04-14 07:21:23','2012-04-14 08:38:24'),(65,62,2,'2012-04-14 07:21:12','2012-04-14 08:38:24'),(66,61,2,'2012-04-14 07:21:00','2012-04-14 08:38:24'),(67,60,2,'2012-04-14 07:20:58','2012-04-14 08:38:24'),(68,59,2,'2012-04-14 07:20:55','2012-04-14 08:38:24'),(69,58,2,'2012-04-14 07:20:53','2012-04-14 08:38:24'),(70,57,2,'2012-04-14 07:20:20','2012-04-14 08:38:24'),(71,56,2,'2012-04-14 07:20:11','2012-04-14 08:38:24'),(72,55,2,'2012-04-14 07:20:09','2012-04-14 08:38:24'),(73,54,2,'2012-04-14 07:20:06','2012-04-14 08:38:24'),(74,53,2,'2012-04-14 07:20:04','2012-04-14 08:38:24'),(75,52,2,'2012-04-14 07:19:56','2012-04-14 08:38:24'),(76,50,2,'2012-04-14 07:19:42','2012-04-14 08:38:24'),(77,49,2,'2012-04-14 07:19:41','2012-04-14 08:38:24'),(78,48,2,'2012-04-14 07:19:39','2012-04-14 08:38:24'),(79,47,2,'2012-04-14 07:19:29','2012-04-14 08:38:25'),(80,46,2,'2012-04-14 07:19:26','2012-04-14 08:38:25'),(81,45,2,'2012-04-14 07:19:22','2012-04-14 08:38:25'),(82,44,2,'2012-04-14 07:19:21','2012-04-14 08:38:25'),(83,43,2,'2012-04-14 07:19:06','2012-04-14 08:38:25'),(84,42,2,'2012-04-14 07:19:03','2012-04-14 08:38:25'),(85,41,2,'2012-04-14 07:18:59','2012-04-14 08:38:25'),(86,40,2,'2012-04-14 07:18:53','2012-04-14 08:38:25'),(87,39,2,'2012-04-14 07:18:48','2012-04-14 08:38:25'),(88,38,2,'2012-04-14 07:18:47','2012-04-14 08:38:25'),(89,37,2,'2012-04-14 07:18:16','2012-04-14 08:38:25'),(90,36,2,'2012-04-14 07:18:06','2012-04-14 08:38:25'),(91,35,2,'2012-04-14 07:17:58','2012-04-14 08:38:25'),(92,34,2,'2012-04-14 07:17:55','2012-04-14 08:38:25'),(93,33,2,'2012-04-14 07:17:07','2012-04-14 08:38:25'),(94,32,2,'2012-04-14 07:16:53','2012-04-14 08:38:25'),(95,31,2,'2012-04-14 07:16:51','2012-04-14 08:38:25'),(96,30,2,'2012-04-14 07:16:33','2012-04-14 08:38:25'),(97,29,2,'2012-04-14 07:16:31','2012-04-14 08:38:25'),(98,28,2,'2012-04-14 07:16:28','2012-04-14 08:38:25'),(99,27,2,'2012-04-14 07:16:26','2012-04-14 08:38:25'),(100,26,2,'2012-04-14 07:16:24','2012-04-14 08:38:25'),(101,25,2,'2012-04-14 07:16:16','2012-04-14 08:38:25'),(102,24,2,'2012-04-14 07:16:15','2012-04-14 08:38:25'),(103,23,2,'2012-04-14 07:16:13','2012-04-14 08:38:25'),(104,22,2,'2012-04-14 07:16:12','2012-04-14 08:38:25'),(105,21,2,'2012-04-14 07:16:08','2012-04-14 08:38:25'),(106,20,2,'2012-04-14 07:15:43','2012-04-14 08:38:26'),(107,19,2,'2012-04-14 07:15:39','2012-04-14 08:38:26'),(108,18,2,'2012-04-14 07:15:08','2012-04-14 08:38:26'),(109,17,2,'2012-04-14 07:15:06','2012-04-14 08:38:26'),(110,16,2,'2012-04-14 07:14:56','2012-04-14 08:38:26'),(111,15,2,'2012-04-14 07:14:52','2012-04-14 08:38:26'),(112,14,2,'2012-04-14 07:14:43','2012-04-14 08:38:26'),(113,13,2,'2012-04-14 07:14:27','2012-04-14 08:38:26'),(114,12,2,'2012-04-14 07:14:25','2012-04-14 08:38:26'),(115,11,2,'2012-04-14 07:14:20','2012-04-14 08:38:26'),(116,10,2,'2012-04-14 07:14:18','2012-04-14 08:38:26'),(117,9,2,'2012-04-14 07:14:01','2012-04-14 08:38:26'),(118,8,2,'2012-04-14 07:13:58','2012-04-14 08:38:26'),(149,175,4,'2012-04-14 14:18:49','2012-04-14 14:18:49'),(150,176,4,'2012-04-14 14:19:01','2012-04-14 14:19:01'),(151,177,4,'2012-04-14 14:19:04','2012-04-14 14:19:04'),(152,178,4,'2012-04-14 14:19:06','2012-04-14 14:19:06'),(153,179,4,'2012-04-14 14:19:07','2012-04-14 14:19:07'),(154,180,4,'2012-04-14 14:19:10','2012-04-14 14:19:10'),(155,181,4,'2012-04-14 14:19:17','2012-04-14 14:19:17'),(156,182,4,'2012-04-14 14:19:24','2012-04-14 14:19:24'),(157,183,4,'2012-04-14 14:19:31','2012-04-14 14:19:31'),(158,184,4,'2012-04-14 14:19:32','2012-04-14 14:19:32'),(159,185,4,'2012-04-14 14:19:34','2012-04-14 14:19:34'),(160,186,4,'2012-04-14 14:19:52','2012-04-14 14:19:52'),(161,187,4,'2012-04-14 14:20:01','2012-04-14 14:20:01'),(162,188,4,'2012-04-14 14:20:24','2012-04-14 14:20:24'),(163,189,4,'2012-04-14 14:20:39','2012-04-14 14:20:39'),(164,190,4,'2012-04-14 14:20:41','2012-04-14 14:20:41'),(165,191,4,'2012-04-14 14:20:55','2012-04-14 14:20:55'),(166,192,4,'2012-04-14 14:21:25','2012-04-14 14:21:25'),(167,193,4,'2012-04-14 14:21:29','2012-04-14 14:21:29'),(168,194,4,'2012-04-14 14:21:32','2012-04-14 14:21:32'),(169,195,4,'2012-04-14 14:21:46','2012-04-14 14:21:46'),(170,196,4,'2012-04-14 14:21:48','2012-04-14 14:21:48'),(171,197,4,'2012-04-14 14:21:51','2012-04-14 14:21:51'),(172,198,4,'2012-04-14 14:22:00','2012-04-14 14:22:00'),(173,199,4,'2012-04-14 14:22:01','2012-04-14 14:22:01'),(174,200,4,'2012-04-14 14:22:28','2012-04-14 14:22:28'),(175,201,4,'2012-04-14 14:22:57','2012-04-14 14:22:57'),(176,202,4,'2012-04-14 14:23:00','2012-04-14 14:23:00'),(177,203,4,'2012-04-14 14:23:03','2012-04-14 14:23:03'),(178,204,4,'2012-04-14 14:23:05','2012-04-14 14:23:05'),(179,205,4,'2012-04-14 14:23:08','2012-04-14 14:23:08'),(180,206,4,'2012-04-14 14:23:10','2012-04-14 14:23:10'),(181,207,4,'2012-04-14 14:23:12','2012-04-14 14:23:12'),(182,208,4,'2012-04-14 14:23:17','2012-04-14 14:23:17'),(184,210,4,'2012-04-14 14:23:43','2012-04-14 14:23:43'),(185,211,4,'2012-04-14 14:23:47','2012-04-14 14:23:47'),(186,212,4,'2012-04-14 14:23:49','2012-04-14 14:23:49'),(187,213,4,'2012-04-14 14:24:29','2012-04-14 14:24:29'),(188,214,4,'2012-04-14 14:24:31','2012-04-14 14:24:31'),(189,215,4,'2012-04-14 14:24:42','2012-04-14 14:24:42'),(190,216,4,'2012-04-14 14:24:44','2012-04-14 14:24:44'),(191,217,4,'2012-04-14 14:24:45','2012-04-14 14:24:45'),(192,218,4,'2012-04-14 14:24:47','2012-04-14 14:24:47'),(193,219,4,'2012-04-14 14:24:49','2012-04-14 14:24:49'),(194,220,4,'2012-04-14 14:24:50','2012-04-14 14:24:50'),(195,221,4,'2012-04-14 14:24:52','2012-04-14 14:24:52'),(196,222,4,'2012-04-14 14:24:56','2012-04-14 14:24:56'),(197,223,4,'2012-04-14 14:24:58','2012-04-14 14:24:58'),(198,224,4,'2012-04-14 14:25:00','2012-04-14 14:25:00'),(199,225,4,'2012-04-14 14:25:01','2012-04-14 14:25:01'),(200,226,4,'2012-04-14 14:25:03','2012-04-14 14:25:03'),(201,227,4,'2012-04-14 14:25:04','2012-04-14 14:25:04'),(202,228,4,'2012-04-14 14:25:06','2012-04-14 14:25:06'),(203,229,4,'2012-04-14 14:25:07','2012-04-14 14:25:07'),(206,232,4,'2012-04-14 14:25:37','2012-04-14 14:25:37'),(207,233,4,'2012-04-14 14:25:43','2012-04-14 14:25:43'),(208,234,4,'2012-04-14 14:25:46','2012-04-14 14:25:46'),(209,235,4,'2012-04-14 14:25:48','2012-04-14 14:25:48'),(210,236,4,'2012-04-14 14:25:49','2012-04-14 14:25:49'),(211,237,4,'2012-04-14 14:25:51','2012-04-14 14:25:51'),(212,238,4,'2012-04-14 14:25:52','2012-04-14 14:25:52'),(213,239,4,'2012-04-14 14:25:53','2012-04-14 14:25:53'),(214,240,4,'2012-04-14 14:25:55','2012-04-14 14:25:55'),(215,241,4,'2012-04-14 14:25:57','2012-04-14 14:25:57'),(216,242,4,'2012-04-14 14:25:58','2012-04-14 14:25:58'),(217,243,4,'2012-04-14 14:26:02','2012-04-14 14:26:02'),(218,244,4,'2012-04-14 14:26:03','2012-04-14 14:26:03'),(219,245,4,'2012-04-14 14:26:04','2012-04-14 14:26:04'),(220,246,4,'2012-04-14 14:26:05','2012-04-14 14:26:05'),(221,247,4,'2012-04-14 14:26:11','2012-04-14 14:26:11'),(222,248,4,'2012-04-14 14:26:12','2012-04-14 14:26:12'),(223,249,4,'2012-04-14 14:26:15','2012-04-14 14:26:15'),(224,250,4,'2012-04-14 14:26:17','2012-04-14 14:26:17'),(225,251,4,'2012-04-14 14:26:27','2012-04-14 14:26:27'),(226,252,4,'2012-04-14 14:26:28','2012-04-14 14:26:28'),(227,253,4,'2012-04-14 14:26:29','2012-04-14 14:26:29'),(228,254,4,'2012-04-14 14:26:31','2012-04-14 14:26:31'),(229,255,4,'2012-04-14 14:26:33','2012-04-14 14:26:33'),(230,256,4,'2012-04-14 14:26:35','2012-04-14 14:26:35'),(231,257,4,'2012-04-14 14:26:37','2012-04-14 14:26:37'),(232,258,4,'2012-04-14 14:26:40','2012-04-14 14:26:40'),(233,259,4,'2012-04-14 14:26:40','2012-04-14 14:26:40'),(234,260,4,'2012-04-14 14:26:42','2012-04-14 14:26:42'),(235,261,4,'2012-04-14 14:26:53','2012-04-14 14:26:53'),(236,262,4,'2012-04-14 14:26:55','2012-04-14 14:26:55'),(237,263,4,'2012-04-14 14:26:56','2012-04-14 14:26:56'),(238,264,4,'2012-04-14 14:26:58','2012-04-14 14:26:58'),(239,265,4,'2012-04-14 14:27:00','2012-04-14 14:27:00'),(240,266,4,'2012-04-14 14:27:01','2012-04-14 14:27:01'),(241,267,4,'2012-04-14 14:27:03','2012-04-14 14:27:03'),(242,268,4,'2012-04-14 14:27:04','2012-04-14 14:27:04'),(243,269,4,'2012-04-14 14:27:16','2012-04-14 14:27:16'),(244,270,4,'2012-04-14 14:27:18','2012-04-14 14:27:18'),(248,274,4,'2012-04-14 14:28:01','2012-04-14 14:28:01'),(249,275,4,'2012-04-14 14:28:05','2012-04-14 14:28:05'),(250,276,4,'2012-04-14 14:28:09','2012-04-14 14:28:09'),(251,277,4,'2012-04-14 14:28:10','2012-04-14 14:28:10'),(252,278,4,'2012-04-14 14:28:24','2012-04-14 14:28:24'),(253,279,4,'2012-04-14 14:28:29','2012-04-14 14:28:29'),(254,280,4,'2012-04-14 14:28:30','2012-04-14 14:28:30'),(255,281,4,'2012-04-14 14:28:31','2012-04-14 14:28:31'),(256,282,4,'2012-04-14 14:28:39','2012-04-14 14:28:39'),(257,283,4,'2012-04-14 14:28:41','2012-04-14 14:28:41'),(258,284,4,'2012-04-14 14:28:42','2012-04-14 14:28:42'),(259,285,4,'2012-04-14 14:28:44','2012-04-14 14:28:44'),(260,286,4,'2012-04-14 14:28:50','2012-04-14 14:28:50'),(261,287,4,'2012-04-14 14:28:52','2012-04-14 14:28:52'),(262,288,4,'2012-04-14 14:28:53','2012-04-14 14:28:53'),(263,289,4,'2012-04-14 14:28:55','2012-04-14 14:28:55'),(264,290,4,'2012-04-14 14:28:57','2012-04-14 14:28:57'),(270,296,4,'2012-04-14 14:30:14','2012-04-14 14:30:14'),(271,297,4,'2012-04-14 14:30:16','2012-04-14 14:30:16'),(272,298,4,'2012-04-14 14:31:03','2012-04-14 14:31:03'),(273,299,4,'2012-04-14 14:31:05','2012-04-14 14:31:05'),(274,300,4,'2012-04-14 14:31:09','2012-04-14 14:31:09'),(276,302,4,'2012-04-14 14:31:26','2012-04-14 14:31:26'),(277,303,4,'2012-04-14 14:31:30','2012-04-14 14:31:30'),(278,304,4,'2012-04-14 14:31:33','2012-04-14 14:31:33'),(279,305,4,'2012-04-14 14:31:33','2012-04-14 14:31:33'),(280,306,4,'2012-04-14 14:31:34','2012-04-14 14:31:34'),(282,308,4,'2012-04-14 14:32:30','2012-04-14 14:32:30'),(283,309,4,'2012-04-14 14:32:31','2012-04-14 14:32:31'),(284,310,4,'2012-04-14 14:32:32','2012-04-14 14:32:32'),(285,311,4,'2012-04-14 14:32:33','2012-04-14 14:32:33'),(287,313,4,'2012-04-14 14:32:42','2012-04-14 14:32:42'),(288,314,4,'2012-04-14 14:32:46','2012-04-14 14:32:46'),(289,315,4,'2012-04-14 14:32:47','2012-04-14 14:32:47'),(290,316,4,'2012-04-14 14:33:01','2012-04-14 14:33:01'),(291,317,4,'2012-04-14 14:33:10','2012-04-14 14:33:10'),(292,318,4,'2012-04-14 14:33:12','2012-04-14 14:33:12'),(293,319,4,'2012-04-14 14:33:29','2012-04-14 14:33:29'),(294,320,4,'2012-04-14 14:33:31','2012-04-14 14:33:31'),(295,321,4,'2012-04-14 14:33:32','2012-04-14 14:33:32'),(296,322,4,'2012-04-14 14:33:34','2012-04-14 14:33:34'),(297,323,4,'2012-04-14 14:33:36','2012-04-14 14:33:36'),(298,324,4,'2012-04-14 14:33:38','2012-04-14 14:33:38'),(310,325,4,'2012-04-14 17:16:51','2012-04-14 17:16:51'),(315,326,4,'2012-04-14 19:37:08','2012-04-14 19:37:08'),(316,327,4,'2012-04-14 19:37:09','2012-04-14 19:37:09'),(317,328,4,'2012-04-14 19:37:10','2012-04-14 19:37:10'),(318,329,4,'2012-04-14 19:37:11','2012-04-14 19:37:11'),(319,330,4,'2012-04-14 19:37:37','2012-04-14 19:37:37'),(320,331,4,'2012-04-14 19:37:39','2012-04-14 19:37:39'),(321,332,4,'2012-04-14 19:37:45','2012-04-14 19:37:45'),(322,333,4,'2012-04-14 19:37:46','2012-04-14 19:37:46'),(323,334,4,'2012-04-14 19:37:47','2012-04-14 19:37:47'),(324,335,4,'2012-04-14 19:37:50','2012-04-14 19:37:50'),(325,336,4,'2012-04-14 19:37:51','2012-04-14 19:37:51'),(326,337,4,'2012-04-14 19:38:02','2012-04-14 19:38:02'),(327,338,4,'2012-04-14 19:38:03','2012-04-14 19:38:03'),(328,339,4,'2012-04-14 19:38:08','2012-04-14 19:38:08'),(329,340,4,'2012-04-14 19:38:13','2012-04-14 19:38:13'),(330,341,4,'2012-04-14 19:38:14','2012-04-14 19:38:14'),(331,342,4,'2012-04-14 19:38:14','2012-04-14 19:38:14'),(332,343,4,'2012-04-14 19:38:23','2012-04-14 19:38:23'),(333,344,4,'2012-04-14 19:38:25','2012-04-14 19:38:25'),(334,345,4,'2012-04-14 19:38:26','2012-04-14 19:38:26'),(335,346,4,'2012-04-14 19:38:44','2012-04-14 19:38:44'),(336,347,4,'2012-04-14 19:38:48','2012-04-14 19:38:48'),(337,348,4,'2012-04-14 19:39:53','2012-04-14 19:39:53'),(338,349,4,'2012-04-14 19:39:54','2012-04-14 19:39:54'),(339,350,4,'2012-04-14 19:39:56','2012-04-14 19:39:56'),(340,351,4,'2012-04-14 19:39:56','2012-04-14 19:39:56'),(341,352,4,'2012-04-14 19:40:41','2012-04-14 19:40:41'),(342,353,4,'2012-04-14 19:40:49','2012-04-14 19:40:49'),(343,354,4,'2012-04-14 19:40:57','2012-04-14 19:40:57'),(344,355,4,'2012-04-14 19:40:58','2012-04-14 19:40:58'),(345,356,4,'2012-04-14 19:41:00','2012-04-14 19:41:00'),(346,357,4,'2012-04-14 19:41:22','2012-04-14 19:41:22'),(347,358,4,'2012-04-14 19:41:24','2012-04-14 19:41:24'),(348,359,4,'2012-04-14 19:41:26','2012-04-14 19:41:26'),(349,360,4,'2012-04-14 19:41:30','2012-04-14 19:41:30'),(350,361,4,'2012-04-14 19:41:32','2012-04-14 19:41:32'),(351,362,4,'2012-04-14 19:41:35','2012-04-14 19:41:35'),(352,363,4,'2012-04-14 19:41:37','2012-04-14 19:41:37'),(353,364,4,'2012-04-14 19:42:14','2012-04-14 19:42:14'),(354,365,4,'2012-04-14 19:42:17','2012-04-14 19:42:17'),(355,366,4,'2012-04-14 19:42:19','2012-04-14 19:42:19'),(356,367,4,'2012-04-14 19:42:23','2012-04-14 19:42:23'),(357,368,4,'2012-04-14 19:42:28','2012-04-14 19:42:28'),(358,369,4,'2012-04-14 19:42:30','2012-04-14 19:42:30'),(359,370,4,'2012-04-14 19:42:57','2012-04-14 19:42:57'),(360,371,4,'2012-04-14 19:43:01','2012-04-14 19:43:01'),(361,372,4,'2012-04-14 19:43:02','2012-04-14 19:43:02'),(362,373,4,'2012-04-14 19:43:03','2012-04-14 19:43:03'),(363,374,4,'2012-04-14 19:43:04','2012-04-14 19:43:04'),(364,375,4,'2012-04-14 19:43:05','2012-04-14 19:43:05'),(365,376,4,'2012-04-14 19:43:23','2012-04-14 19:43:23'),(366,377,4,'2012-04-14 19:43:25','2012-04-14 19:43:25'),(367,378,4,'2012-04-14 19:43:56','2012-04-14 19:43:56'),(368,379,4,'2012-04-14 19:44:12','2012-04-14 19:44:12'),(369,131,5,'2012-04-14 20:37:47','2012-04-14 20:37:47'),(370,380,5,'2012-04-14 20:38:14','2012-04-14 20:38:14'),(371,381,5,'2012-04-14 20:38:15','2012-04-14 20:38:15'),(372,382,5,'2012-04-14 20:38:17','2012-04-14 20:38:17'),(373,383,5,'2012-04-14 20:38:19','2012-04-14 20:38:19'),(374,384,5,'2012-04-14 20:38:21','2012-04-14 20:38:21'),(376,385,5,'2012-04-14 20:39:32','2012-04-14 20:39:32'),(377,200,5,'2012-04-14 20:39:33','2012-04-14 20:39:33'),(378,386,5,'2012-04-14 20:39:36','2012-04-14 20:39:36'),(379,387,5,'2012-04-14 20:39:39','2012-04-14 20:39:39'),(380,388,5,'2012-04-14 20:39:41','2012-04-14 20:39:41'),(381,389,5,'2012-04-14 20:39:44','2012-04-14 20:39:44'),(382,210,5,'2012-04-14 20:39:57','2012-04-14 20:39:57'),(383,390,5,'2012-04-14 20:40:06','2012-04-14 20:40:06'),(384,391,5,'2012-04-14 20:40:08','2012-04-14 20:40:08'),(385,392,5,'2012-04-14 20:40:24','2012-04-14 20:40:24'),(386,393,5,'2012-04-14 20:40:25','2012-04-14 20:40:25'),(387,394,5,'2012-04-14 20:40:27','2012-04-14 20:40:27'),(388,221,5,'2012-04-14 20:40:28','2012-04-14 20:40:28'),(389,395,5,'2012-04-14 20:40:39','2012-04-14 20:40:39'),(390,396,5,'2012-04-14 20:40:41','2012-04-14 20:40:41'),(391,397,5,'2012-04-14 20:40:42','2012-04-14 20:40:42'),(392,398,5,'2012-04-14 20:40:44','2012-04-14 20:40:44'),(393,232,5,'2012-04-14 20:40:47','2012-04-14 20:40:47'),(394,399,5,'2012-04-14 20:40:49','2012-04-14 20:40:49'),(395,400,5,'2012-04-14 20:40:50','2012-04-14 20:40:50'),(396,401,5,'2012-04-14 20:40:51','2012-04-14 20:40:51'),(397,402,5,'2012-04-14 20:40:52','2012-04-14 20:40:52'),(398,246,5,'2012-04-14 20:40:54','2012-04-14 20:40:54'),(399,403,5,'2012-04-14 20:41:06','2012-04-14 20:41:06'),(400,404,5,'2012-04-14 20:41:08','2012-04-14 20:41:08'),(401,405,5,'2012-04-14 20:41:10','2012-04-14 20:41:10'),(402,406,5,'2012-04-14 20:41:11','2012-04-14 20:41:11'),(403,260,5,'2012-04-14 20:41:13','2012-04-14 20:41:13'),(404,407,5,'2012-04-14 20:41:21','2012-04-14 20:41:21'),(405,408,5,'2012-04-14 20:41:22','2012-04-14 20:41:22'),(406,275,5,'2012-04-14 20:42:14','2012-04-14 20:42:14'),(407,409,5,'2012-04-14 20:42:43','2012-04-14 20:42:43'),(408,410,5,'2012-04-14 20:42:44','2012-04-14 20:42:44'),(409,411,5,'2012-04-14 20:42:48','2012-04-14 20:42:48'),(410,412,5,'2012-04-14 20:43:07','2012-04-14 20:43:07'),(411,413,5,'2012-04-14 20:43:09','2012-04-14 20:43:09'),(412,414,5,'2012-04-14 20:43:10','2012-04-14 20:43:10'),(413,415,5,'2012-04-14 20:43:11','2012-04-14 20:43:11'),(414,416,5,'2012-04-14 20:43:13','2012-04-14 20:43:13'),(415,417,5,'2012-04-14 20:43:14','2012-04-14 20:43:14'),(416,418,5,'2012-04-14 20:43:30','2012-04-14 20:43:30'),(417,419,5,'2012-04-14 20:43:32','2012-04-14 20:43:32'),(418,420,5,'2012-04-14 20:43:34','2012-04-14 20:43:34'),(419,421,5,'2012-04-14 20:43:37','2012-04-14 20:43:37'),(420,422,5,'2012-04-14 20:43:40','2012-04-14 20:43:40'),(421,423,5,'2012-04-14 20:44:25','2012-04-14 20:44:25'),(422,424,5,'2012-04-14 20:44:27','2012-04-14 20:44:27'),(423,425,5,'2012-04-14 20:44:49','2012-04-14 20:44:49'),(424,426,5,'2012-04-14 20:44:50','2012-04-14 20:44:50'),(425,427,5,'2012-04-14 20:44:51','2012-04-14 20:44:51'),(428,430,5,'2012-04-14 20:45:09','2012-04-14 20:45:09'),(429,431,5,'2012-04-14 20:45:31','2012-04-14 20:45:31'),(430,432,5,'2012-04-14 20:45:33','2012-04-14 20:45:33'),(431,433,5,'2012-04-14 20:45:36','2012-04-14 20:45:36'),(433,435,5,'2012-04-14 20:48:37','2012-04-14 20:48:37'),(434,436,5,'2012-04-14 20:48:52','2012-04-14 20:48:52'),(435,437,5,'2012-04-14 20:48:53','2012-04-14 20:48:53'),(436,438,5,'2012-04-14 20:48:54','2012-04-14 20:48:54'),(437,439,5,'2012-04-14 20:49:42','2012-04-14 20:49:42'),(438,440,5,'2012-04-14 20:49:44','2012-04-14 20:49:44'),(439,441,5,'2012-04-14 20:50:10','2012-04-14 20:50:10'),(440,442,5,'2012-04-14 20:50:13','2012-04-14 20:50:13'),(441,443,5,'2012-04-14 20:50:14','2012-04-14 20:50:14'),(442,444,5,'2012-04-14 20:50:16','2012-04-14 20:50:16'),(443,445,5,'2012-04-14 20:50:19','2012-04-14 20:50:19'),(444,446,5,'2012-04-14 20:50:21','2012-04-14 20:50:21'),(445,447,5,'2012-04-14 20:50:22','2012-04-14 20:50:22'),(446,448,5,'2012-04-14 20:50:23','2012-04-14 20:50:23'),(447,449,5,'2012-04-14 20:50:41','2012-04-14 20:50:41'),(448,450,5,'2012-04-14 20:50:43','2012-04-14 20:50:43'),(449,451,5,'2012-04-14 20:50:45','2012-04-14 20:50:45'),(450,452,5,'2012-04-14 20:50:49','2012-04-14 20:50:49'),(451,453,5,'2012-04-14 20:51:02','2012-04-14 20:51:02'),(452,454,5,'2012-04-14 20:51:05','2012-04-14 20:51:05'),(453,455,5,'2012-04-14 20:51:59','2012-04-14 20:51:59'),(454,456,5,'2012-04-14 20:52:00','2012-04-14 20:52:00'),(455,457,5,'2012-04-14 20:52:01','2012-04-14 20:52:01'),(456,458,5,'2012-04-14 20:52:02','2012-04-14 20:52:02'),(457,459,5,'2012-04-14 20:52:04','2012-04-14 20:52:04'),(458,460,5,'2012-04-14 20:52:07','2012-04-14 20:52:07'),(459,461,5,'2012-04-14 20:53:27','2012-04-14 20:53:27'),(460,462,5,'2012-04-14 20:53:28','2012-04-14 20:53:28'),(461,463,5,'2012-04-14 20:53:30','2012-04-14 20:53:30'),(462,464,5,'2012-04-14 20:53:31','2012-04-14 20:53:31'),(465,467,6,'2012-04-15 02:30:58','2012-04-15 02:30:58'),(466,468,6,'2012-04-15 02:31:17','2012-04-15 02:31:17'),(467,469,6,'2012-04-15 02:32:32','2012-04-15 02:32:32'),(470,472,6,'2012-04-15 02:33:30','2012-04-15 02:33:30'),(471,473,6,'2012-04-15 02:33:58','2012-04-15 02:33:58'),(472,474,6,'2012-04-15 02:34:01','2012-04-15 02:34:01'),(473,475,6,'2012-04-15 02:34:03','2012-04-15 02:34:03'),(474,476,6,'2012-04-15 02:34:06','2012-04-15 02:34:06'),(475,477,6,'2012-04-15 02:34:10','2012-04-15 02:34:10'),(477,479,6,'2012-04-15 02:34:20','2012-04-15 02:34:20'),(478,480,6,'2012-04-15 02:34:22','2012-04-15 02:34:22'),(479,481,6,'2012-04-15 02:34:35','2012-04-15 02:34:35'),(480,482,6,'2012-04-15 02:34:43','2012-04-15 02:34:43'),(481,483,6,'2012-04-15 02:34:45','2012-04-15 02:34:45'),(482,484,6,'2012-04-15 02:34:53','2012-04-15 02:34:53'),(483,485,6,'2012-04-15 02:34:55','2012-04-15 02:34:55'),(484,486,6,'2012-04-15 02:35:23','2012-04-15 02:35:23'),(485,487,6,'2012-04-15 02:35:25','2012-04-15 02:35:25'),(486,488,6,'2012-04-15 02:35:27','2012-04-15 02:35:27'),(487,489,6,'2012-04-15 02:35:29','2012-04-15 02:35:29'),(488,490,6,'2012-04-15 02:35:33','2012-04-15 02:35:33'),(489,491,6,'2012-04-15 02:35:46','2012-04-15 02:35:46'),(490,492,6,'2012-04-15 02:35:49','2012-04-15 02:35:49'),(491,493,6,'2012-04-15 02:35:57','2012-04-15 02:35:57'),(492,494,6,'2012-04-15 02:36:22','2012-04-15 02:36:22'),(493,495,6,'2012-04-15 02:36:24','2012-04-15 02:36:24'),(494,496,6,'2012-04-15 02:36:56','2012-04-15 02:36:56'),(495,497,6,'2012-04-15 02:37:01','2012-04-15 02:37:01'),(496,498,6,'2012-04-15 02:37:17','2012-04-15 02:37:17'),(497,499,6,'2012-04-15 02:37:20','2012-04-15 02:37:20'),(498,500,6,'2012-04-15 02:37:22','2012-04-15 02:37:22'),(499,501,6,'2012-04-15 02:37:25','2012-04-15 02:37:25'),(500,502,6,'2012-04-15 02:37:30','2012-04-15 02:37:30'),(501,503,6,'2012-04-15 02:37:48','2012-04-15 02:37:48'),(502,504,6,'2012-04-15 02:37:50','2012-04-15 02:37:50'),(503,505,6,'2012-04-15 02:37:53','2012-04-15 02:37:53'),(504,506,6,'2012-04-15 02:38:23','2012-04-15 02:38:23'),(505,507,6,'2012-04-15 02:38:34','2012-04-15 02:38:34'),(506,508,6,'2012-04-15 02:38:35','2012-04-15 02:38:35'),(507,509,6,'2012-04-15 02:38:37','2012-04-15 02:38:37'),(508,510,6,'2012-04-15 02:38:38','2012-04-15 02:38:38'),(509,511,6,'2012-04-15 02:38:39','2012-04-15 02:38:39'),(510,512,6,'2012-04-15 02:38:41','2012-04-15 02:38:41'),(511,513,6,'2012-04-15 02:38:53','2012-04-15 02:38:53'),(512,514,6,'2012-04-15 02:38:55','2012-04-15 02:38:55'),(513,515,6,'2012-04-15 02:38:57','2012-04-15 02:38:57'),(514,516,6,'2012-04-15 02:40:50','2012-04-15 02:40:50'),(515,517,6,'2012-04-15 02:40:52','2012-04-15 02:40:52'),(516,518,6,'2012-04-15 02:40:56','2012-04-15 02:40:56'),(517,519,6,'2012-04-15 02:40:58','2012-04-15 02:40:58'),(518,520,6,'2012-04-15 02:41:22','2012-04-15 02:41:22'),(519,521,6,'2012-04-15 02:41:28','2012-04-15 02:41:28'),(520,522,6,'2012-04-15 02:41:30','2012-04-15 02:41:30'),(521,523,6,'2012-04-15 02:41:31','2012-04-15 02:41:31'),(522,524,6,'2012-04-15 02:41:33','2012-04-15 02:41:33'),(523,525,6,'2012-04-15 02:41:34','2012-04-15 02:41:34'),(524,526,6,'2012-04-15 02:41:36','2012-04-15 02:41:36'),(525,527,6,'2012-04-15 02:41:38','2012-04-15 02:41:38'),(526,528,6,'2012-04-15 02:41:42','2012-04-15 02:41:42'),(527,529,6,'2012-04-15 02:41:44','2012-04-15 02:41:44'),(528,530,6,'2012-04-15 02:41:46','2012-04-15 02:41:46'),(529,531,6,'2012-04-15 02:41:47','2012-04-15 02:41:47'),(530,532,6,'2012-04-15 02:41:48','2012-04-15 02:41:48'),(531,533,6,'2012-04-15 02:41:49','2012-04-15 02:41:49'),(532,534,6,'2012-04-15 02:41:51','2012-04-15 02:41:51'),(533,535,6,'2012-04-15 02:42:01','2012-04-15 02:42:01'),(534,536,6,'2012-04-15 02:42:58','2012-04-15 02:42:58'),(535,537,6,'2012-04-15 02:43:11','2012-04-15 02:43:11'),(536,538,6,'2012-04-15 02:43:13','2012-04-15 02:43:13'),(537,539,6,'2012-04-15 02:43:20','2012-04-15 02:43:20'),(538,540,6,'2012-04-15 02:43:21','2012-04-15 02:43:21'),(539,541,6,'2012-04-15 02:43:23','2012-04-15 02:43:23'),(540,542,6,'2012-04-15 02:43:24','2012-04-15 02:43:24'),(541,543,6,'2012-04-15 02:43:25','2012-04-15 02:43:25'),(542,544,6,'2012-04-15 02:43:27','2012-04-15 02:43:27'),(543,545,6,'2012-04-15 02:43:28','2012-04-15 02:43:28'),(544,546,6,'2012-04-15 02:43:43','2012-04-15 02:43:43'),(545,547,6,'2012-04-15 02:43:45','2012-04-15 02:43:45'),(546,548,6,'2012-04-15 02:43:49','2012-04-15 02:43:49'),(547,549,6,'2012-04-15 02:43:50','2012-04-15 02:43:50'),(548,550,6,'2012-04-15 02:43:51','2012-04-15 02:43:51'),(549,551,6,'2012-04-15 02:43:52','2012-04-15 02:43:52'),(550,552,6,'2012-04-15 02:43:54','2012-04-15 02:43:54'),(551,417,6,'2012-04-15 02:43:56','2012-04-15 02:43:56'),(552,553,6,'2012-04-15 02:43:58','2012-04-15 02:43:58'),(553,554,6,'2012-04-15 02:44:00','2012-04-15 02:44:00'),(554,555,6,'2012-04-15 02:44:15','2012-04-15 02:44:15'),(555,556,6,'2012-04-15 02:44:19','2012-04-15 02:44:19'),(556,557,6,'2012-04-15 02:44:20','2012-04-15 02:44:20'),(557,558,6,'2012-04-15 02:44:22','2012-04-15 02:44:22'),(558,559,6,'2012-04-15 02:44:24','2012-04-15 02:44:24'),(559,422,6,'2012-04-15 02:44:31','2012-04-15 02:44:31'),(560,560,6,'2012-04-15 02:44:33','2012-04-15 02:44:33'),(561,561,6,'2012-04-15 02:44:35','2012-04-15 02:44:35'),(562,562,6,'2012-04-15 02:44:45','2012-04-15 02:44:45'),(563,563,6,'2012-04-15 02:44:48','2012-04-15 02:44:48'),(564,430,6,'2012-04-15 02:44:50','2012-04-15 02:44:50'),(565,564,6,'2012-04-15 02:45:07','2012-04-15 02:45:07'),(566,565,6,'2012-04-15 02:45:08','2012-04-15 02:45:08'),(567,566,6,'2012-04-15 02:45:09','2012-04-15 02:45:09'),(569,567,6,'2012-04-15 02:45:22','2012-04-15 02:45:22'),(570,435,6,'2012-04-15 02:45:23','2012-04-15 02:45:23'),(571,568,6,'2012-04-15 02:45:36','2012-04-15 02:45:36'),(572,569,6,'2012-04-15 02:45:38','2012-04-15 02:45:38'),(573,570,6,'2012-04-15 02:45:39','2012-04-15 02:45:39'),(575,440,6,'2012-04-15 02:45:46','2012-04-15 02:45:46'),(576,571,6,'2012-04-15 02:45:50','2012-04-15 02:45:50'),(577,572,6,'2012-04-15 02:45:52','2012-04-15 02:45:52'),(578,573,6,'2012-04-15 02:45:53','2012-04-15 02:45:53'),(579,574,6,'2012-04-15 02:45:55','2012-04-15 02:45:55'),(580,575,6,'2012-04-15 02:45:56','2012-04-15 02:45:56'),(582,577,6,'2012-04-15 02:46:06','2012-04-15 02:46:06'),(583,578,6,'2012-04-15 02:46:08','2012-04-15 02:46:08'),(584,579,6,'2012-04-15 02:46:09','2012-04-15 02:46:09'),(585,452,6,'2012-04-15 02:46:11','2012-04-15 02:46:11'),(586,580,6,'2012-04-15 02:46:55','2012-04-15 02:46:55'),(587,581,6,'2012-04-15 02:46:56','2012-04-15 02:46:56'),(588,582,6,'2012-04-15 02:47:02','2012-04-15 02:47:02'),(589,583,6,'2012-04-15 02:47:03','2012-04-15 02:47:03'),(590,584,6,'2012-04-15 02:47:05','2012-04-15 02:47:05'),(591,585,6,'2012-04-15 02:47:07','2012-04-15 02:47:07'),(592,585,7,'2012-04-15 02:52:46','2012-04-15 02:52:46'),(593,586,7,'2012-04-15 02:52:55','2012-04-15 02:52:55'),(594,587,7,'2012-04-15 02:52:57','2012-04-15 02:52:57'),(595,588,7,'2012-04-15 02:53:00','2012-04-15 02:53:00'),(596,589,7,'2012-04-15 02:53:03','2012-04-15 02:53:03'),(597,590,7,'2012-04-15 02:53:04','2012-04-15 02:53:04'),(598,20,7,'2012-04-15 02:53:07','2012-04-15 02:53:07'),(599,591,7,'2012-04-15 02:53:09','2012-04-15 02:53:09'),(600,592,7,'2012-04-15 02:53:11','2012-04-15 02:53:11'),(601,593,7,'2012-04-15 02:53:12','2012-04-15 02:53:12'),(602,594,7,'2012-04-15 02:53:13','2012-04-15 02:53:13'),(603,595,7,'2012-04-15 02:53:19','2012-04-15 02:53:19'),(604,596,7,'2012-04-15 02:53:20','2012-04-15 02:53:20'),(605,597,7,'2012-04-15 02:53:20','2012-04-15 02:53:20'),(606,598,7,'2012-04-15 02:53:21','2012-04-15 02:53:21'),(607,599,7,'2012-04-15 02:53:22','2012-04-15 02:53:22'),(608,600,7,'2012-04-15 02:53:24','2012-04-15 02:53:24'),(609,601,7,'2012-04-15 02:53:24','2012-04-15 02:53:24'),(610,602,7,'2012-04-15 02:53:25','2012-04-15 02:53:25'),(611,603,7,'2012-04-15 02:53:26','2012-04-15 02:53:26'),(612,604,7,'2012-04-15 02:53:27','2012-04-15 02:53:27'),(613,605,7,'2012-04-15 02:53:28','2012-04-15 02:53:28'),(614,606,7,'2012-04-15 02:53:30','2012-04-15 02:53:30'),(615,607,7,'2012-04-15 02:53:31','2012-04-15 02:53:31'),(616,608,7,'2012-04-15 02:53:32','2012-04-15 02:53:32'),(617,609,7,'2012-04-15 02:53:33','2012-04-15 02:53:33'),(618,610,7,'2012-04-15 02:53:35','2012-04-15 02:53:35'),(619,611,7,'2012-04-15 02:53:36','2012-04-15 02:53:36'),(620,33,7,'2012-04-15 02:53:37','2012-04-15 02:53:37'),(621,612,7,'2012-04-15 02:53:39','2012-04-15 02:53:39'),(622,613,7,'2012-04-15 02:53:41','2012-04-15 02:53:41'),(623,614,7,'2012-04-15 02:53:42','2012-04-15 02:53:42'),(624,615,7,'2012-04-15 02:53:43','2012-04-15 02:53:43'),(625,616,7,'2012-04-15 02:53:45','2012-04-15 02:53:45'),(626,617,7,'2012-04-15 02:53:50','2012-04-15 02:53:50'),(627,37,7,'2012-04-15 02:53:51','2012-04-15 02:53:51'),(628,618,7,'2012-04-15 02:53:57','2012-04-15 02:53:57'),(629,619,7,'2012-04-15 02:53:59','2012-04-15 02:53:59'),(630,620,7,'2012-04-15 02:54:00','2012-04-15 02:54:00'),(631,621,7,'2012-04-15 02:54:01','2012-04-15 02:54:01'),(632,622,7,'2012-04-15 02:54:03','2012-04-15 02:54:03'),(633,623,7,'2012-04-15 02:54:04','2012-04-15 02:54:04'),(634,624,7,'2012-04-15 02:54:04','2012-04-15 02:54:04'),(636,41,7,'2012-04-15 02:54:09','2012-04-15 02:54:09'),(637,626,7,'2012-04-15 02:54:11','2012-04-15 02:54:11'),(638,627,7,'2012-04-15 02:54:12','2012-04-15 02:54:12'),(639,628,7,'2012-04-15 02:54:13','2012-04-15 02:54:13'),(640,629,7,'2012-04-15 02:54:15','2012-04-15 02:54:15'),(641,630,7,'2012-04-15 02:54:18','2012-04-15 02:54:18'),(642,631,7,'2012-04-15 02:54:23','2012-04-15 02:54:23'),(643,632,7,'2012-04-15 02:54:30','2012-04-15 02:54:30'),(644,47,7,'2012-04-15 02:54:33','2012-04-15 02:54:33'),(645,633,7,'2012-04-15 02:54:42','2012-04-15 02:54:42'),(646,634,7,'2012-04-15 02:54:45','2012-04-15 02:54:45'),(647,635,7,'2012-04-15 02:54:46','2012-04-15 02:54:46'),(648,636,7,'2012-04-15 02:54:47','2012-04-15 02:54:47'),(649,637,7,'2012-04-15 02:54:48','2012-04-15 02:54:48'),(650,638,7,'2012-04-15 02:54:50','2012-04-15 02:54:50'),(651,639,7,'2012-04-15 02:54:51','2012-04-15 02:54:51'),(652,640,7,'2012-04-15 02:54:54','2012-04-15 02:54:54'),(653,641,7,'2012-04-15 02:54:56','2012-04-15 02:54:56'),(654,642,7,'2012-04-15 02:54:57','2012-04-15 02:54:57'),(655,643,7,'2012-04-15 02:54:59','2012-04-15 02:54:59'),(656,644,7,'2012-04-15 02:55:01','2012-04-15 02:55:01'),(657,645,7,'2012-04-15 02:55:02','2012-04-15 02:55:02'),(658,646,7,'2012-04-15 02:55:05','2012-04-15 02:55:05'),(659,297,7,'2012-04-15 02:55:07','2012-04-15 02:55:07'),(660,647,7,'2012-04-15 02:55:10','2012-04-15 02:55:10'),(661,648,7,'2012-04-15 02:55:21','2012-04-15 02:55:21'),(662,649,7,'2012-04-15 02:55:22','2012-04-15 02:55:22'),(663,650,7,'2012-04-15 02:55:23','2012-04-15 02:55:23'),(664,651,7,'2012-04-15 02:56:46','2012-04-15 02:56:46'),(665,652,7,'2012-04-15 02:56:47','2012-04-15 02:56:47'),(666,653,7,'2012-04-15 02:56:54','2012-04-15 02:56:54'),(667,654,7,'2012-04-15 02:56:55','2012-04-15 02:56:55'),(668,655,7,'2012-04-15 02:56:56','2012-04-15 02:56:56'),(669,656,7,'2012-04-15 02:57:14','2012-04-15 02:57:14'),(670,657,7,'2012-04-15 02:57:21','2012-04-15 02:57:21'),(671,658,7,'2012-04-15 02:57:23','2012-04-15 02:57:23'),(672,659,7,'2012-04-15 02:57:34','2012-04-15 02:57:34'),(673,660,7,'2012-04-15 02:57:35','2012-04-15 02:57:35'),(674,661,7,'2012-04-15 02:57:37','2012-04-15 02:57:37'),(675,662,7,'2012-04-15 02:57:40','2012-04-15 02:57:40'),(676,663,7,'2012-04-15 02:57:48','2012-04-15 02:57:48'),(677,664,7,'2012-04-15 02:57:49','2012-04-15 02:57:49'),(678,665,7,'2012-04-15 02:57:51','2012-04-15 02:57:51'),(679,666,7,'2012-04-15 02:58:06','2012-04-15 02:58:06'),(680,667,7,'2012-04-15 02:58:13','2012-04-15 02:58:13'),(681,668,7,'2012-04-15 02:58:18','2012-04-15 02:58:18'),(682,669,7,'2012-04-15 02:58:20','2012-04-15 02:58:20'),(683,670,7,'2012-04-15 02:58:29','2012-04-15 02:58:29'),(684,671,7,'2012-04-15 02:58:32','2012-04-15 02:58:32'),(685,672,7,'2012-04-15 02:58:54','2012-04-15 02:58:54'),(686,673,7,'2012-04-15 02:59:57','2012-04-15 02:59:57'),(688,675,7,'2012-04-15 03:00:12','2012-04-15 03:00:12'),(689,676,7,'2012-04-15 03:00:20','2012-04-15 03:00:20'),(690,677,7,'2012-04-15 03:00:22','2012-04-15 03:00:22'),(691,678,7,'2012-04-15 03:00:24','2012-04-15 03:00:24'),(692,679,7,'2012-04-15 03:00:25','2012-04-15 03:00:25'),(693,680,7,'2012-04-15 03:00:47','2012-04-15 03:00:47'),(694,681,7,'2012-04-15 03:00:50','2012-04-15 03:00:50'),(695,682,7,'2012-04-15 03:00:57','2012-04-15 03:00:57'),(696,683,7,'2012-04-15 03:01:04','2012-04-15 03:01:04'),(697,684,7,'2012-04-15 03:01:34','2012-04-15 03:01:34'),(698,685,7,'2012-04-15 03:01:36','2012-04-15 03:01:36'),(699,686,7,'2012-04-15 03:01:37','2012-04-15 03:01:37'),(700,687,7,'2012-04-15 03:01:39','2012-04-15 03:01:39'),(701,688,7,'2012-04-15 03:01:40','2012-04-15 03:01:40'),(702,689,7,'2012-04-15 03:01:43','2012-04-15 03:01:43'),(703,690,7,'2012-04-15 03:01:45','2012-04-15 03:01:45'),(704,691,7,'2012-04-15 03:01:48','2012-04-15 03:01:48'),(705,692,7,'2012-04-15 03:01:52','2012-04-15 03:01:52'),(706,693,7,'2012-04-15 03:01:53','2012-04-15 03:01:53'),(707,694,7,'2012-04-15 03:02:00','2012-04-15 03:02:00'),(708,695,7,'2012-04-15 03:02:02','2012-04-15 03:02:02'),(709,696,7,'2012-04-15 03:02:04','2012-04-15 03:02:04'),(710,697,7,'2012-04-15 03:02:07','2012-04-15 03:02:07'),(711,698,7,'2012-04-15 03:02:09','2012-04-15 03:02:09'),(712,699,7,'2012-04-15 03:02:12','2012-04-15 03:02:12'),(713,700,7,'2012-04-15 03:02:25','2012-04-15 03:02:25'),(714,701,7,'2012-04-15 03:02:26','2012-04-15 03:02:26'),(715,702,7,'2012-04-15 03:02:28','2012-04-15 03:02:28'),(716,703,7,'2012-04-15 03:02:29','2012-04-15 03:02:29'),(717,704,7,'2012-04-15 03:02:31','2012-04-15 03:02:31'),(718,705,7,'2012-04-15 03:02:34','2012-04-15 03:02:34'),(719,706,7,'2012-04-15 03:02:53','2012-04-15 03:02:53'),(720,707,7,'2012-04-15 03:02:55','2012-04-15 03:02:55'),(721,708,7,'2012-04-15 03:02:57','2012-04-15 03:02:57'),(722,709,7,'2012-04-15 03:02:58','2012-04-15 03:02:58'),(723,710,7,'2012-04-15 03:03:01','2012-04-15 03:03:01'),(724,467,7,'2012-04-15 03:03:02','2012-04-15 03:03:02'),(725,711,8,'2012-04-15 03:12:44','2012-04-15 03:12:44'),(727,713,8,'2012-04-15 03:13:01','2012-04-15 03:13:01'),(728,714,8,'2012-04-15 03:13:02','2012-04-15 03:13:02'),(729,715,8,'2012-04-15 03:13:03','2012-04-15 03:13:03'),(730,716,8,'2012-04-15 03:13:05','2012-04-15 03:13:05'),(731,717,8,'2012-04-15 03:13:08','2012-04-15 03:13:08'),(732,718,8,'2012-04-15 03:14:24','2012-04-15 03:14:24'),(733,719,8,'2012-04-15 03:14:28','2012-04-15 03:14:28'),(734,720,8,'2012-04-15 03:14:31','2012-04-15 03:14:31'),(735,721,8,'2012-04-15 03:14:33','2012-04-15 03:14:33'),(736,722,8,'2012-04-15 03:14:34','2012-04-15 03:14:34'),(737,723,8,'2012-04-15 03:14:36','2012-04-15 03:14:36'),(738,724,8,'2012-04-15 03:15:00','2012-04-15 03:15:00'),(739,725,8,'2012-04-15 03:15:04','2012-04-15 03:15:04'),(740,726,8,'2012-04-15 03:17:52','2012-04-15 03:17:52'),(741,727,8,'2012-04-15 03:17:54','2012-04-15 03:17:54'),(742,728,8,'2012-04-15 03:17:55','2012-04-15 03:17:55'),(743,729,8,'2012-04-15 03:17:58','2012-04-15 03:17:58'),(744,730,8,'2012-04-15 03:17:59','2012-04-15 03:17:59'),(745,731,8,'2012-04-15 03:18:05','2012-04-15 03:18:05'),(746,732,8,'2012-04-15 03:18:23','2012-04-15 03:18:23'),(747,733,8,'2012-04-15 03:18:34','2012-04-15 03:18:34'),(748,734,8,'2012-04-15 03:18:35','2012-04-15 03:18:35'),(749,735,8,'2012-04-15 03:18:37','2012-04-15 03:18:37'),(750,736,8,'2012-04-15 03:18:38','2012-04-15 03:18:38'),(751,737,8,'2012-04-15 03:20:55','2012-04-15 03:20:55'),(753,739,8,'2012-04-15 03:21:20','2012-04-15 03:21:20'),(765,750,8,'2012-04-15 03:22:30','2012-04-15 03:22:30'),(766,751,8,'2012-04-15 03:22:31','2012-04-15 03:22:31'),(767,752,8,'2012-04-15 03:22:31','2012-04-15 03:22:31'),(768,753,8,'2012-04-15 03:22:33','2012-04-15 03:22:33'),(769,754,8,'2012-04-15 03:22:34','2012-04-15 03:22:34'),(770,755,8,'2012-04-15 03:22:35','2012-04-15 03:22:35'),(771,756,8,'2012-04-15 03:22:36','2012-04-15 03:22:36'),(772,8,8,'2012-04-15 03:22:37','2012-04-15 03:22:37'),(773,757,8,'2012-04-15 03:22:40','2012-04-15 03:22:40'),(774,758,8,'2012-04-15 03:22:41','2012-04-15 03:22:41'),(775,759,8,'2012-04-15 03:22:42','2012-04-15 03:22:42'),(776,760,8,'2012-04-15 03:22:43','2012-04-15 03:22:43'),(777,761,8,'2012-04-15 03:22:45','2012-04-15 03:22:45'),(778,762,8,'2012-04-15 03:22:46','2012-04-15 03:22:46'),(779,763,8,'2012-04-15 03:22:47','2012-04-15 03:22:47'),(780,764,8,'2012-04-15 03:22:49','2012-04-15 03:22:49'),(781,765,8,'2012-04-15 03:22:51','2012-04-15 03:22:51'),(782,766,8,'2012-04-15 03:23:01','2012-04-15 03:23:01'),(783,767,8,'2012-04-15 03:23:02','2012-04-15 03:23:02'),(784,768,8,'2012-04-15 03:23:03','2012-04-15 03:23:03'),(785,769,8,'2012-04-15 03:23:05','2012-04-15 03:23:05'),(786,770,8,'2012-04-15 03:23:08','2012-04-15 03:23:08'),(787,771,8,'2012-04-15 03:23:09','2012-04-15 03:23:09'),(788,772,8,'2012-04-15 03:23:11','2012-04-15 03:23:11'),(789,773,8,'2012-04-15 03:23:34','2012-04-15 03:23:34'),(790,774,8,'2012-04-15 03:23:36','2012-04-15 03:23:36'),(791,775,8,'2012-04-15 03:23:37','2012-04-15 03:23:37'),(792,776,8,'2012-04-15 03:23:46','2012-04-15 03:23:46'),(793,777,8,'2012-04-15 03:23:48','2012-04-15 03:23:48'),(794,778,8,'2012-04-15 03:23:50','2012-04-15 03:23:50'),(796,780,8,'2012-04-15 03:23:59','2012-04-15 03:23:59'),(797,781,8,'2012-04-15 03:24:00','2012-04-15 03:24:00'),(798,782,8,'2012-04-15 03:24:01','2012-04-15 03:24:01'),(799,783,8,'2012-04-15 03:24:02','2012-04-15 03:24:02'),(800,784,8,'2012-04-15 03:24:04','2012-04-15 03:24:04'),(801,785,8,'2012-04-15 03:24:06','2012-04-15 03:24:06'),(802,786,8,'2012-04-15 03:24:08','2012-04-15 03:24:08'),(803,787,8,'2012-04-15 03:24:09','2012-04-15 03:24:09'),(804,788,8,'2012-04-15 03:24:10','2012-04-15 03:24:10'),(805,789,8,'2012-04-15 03:24:12','2012-04-15 03:24:12'),(806,790,8,'2012-04-15 03:24:13','2012-04-15 03:24:13'),(807,791,8,'2012-04-15 03:24:14','2012-04-15 03:24:14'),(808,792,8,'2012-04-15 03:24:16','2012-04-15 03:24:16'),(809,793,8,'2012-04-15 03:24:18','2012-04-15 03:24:18'),(810,794,8,'2012-04-15 03:24:44','2012-04-15 03:24:44'),(811,795,8,'2012-04-15 03:24:45','2012-04-15 03:24:45'),(812,796,8,'2012-04-15 03:24:47','2012-04-15 03:24:47'),(813,797,8,'2012-04-15 03:24:48','2012-04-15 03:24:48'),(814,798,8,'2012-04-15 03:24:49','2012-04-15 03:24:49'),(815,799,8,'2012-04-15 03:24:50','2012-04-15 03:24:50'),(816,800,8,'2012-04-15 03:24:52','2012-04-15 03:24:52'),(817,801,8,'2012-04-15 03:24:54','2012-04-15 03:24:54'),(818,802,8,'2012-04-15 03:24:55','2012-04-15 03:24:55'),(819,803,8,'2012-04-15 03:24:56','2012-04-15 03:24:56'),(820,804,8,'2012-04-15 03:24:58','2012-04-15 03:24:58'),(821,805,8,'2012-04-15 03:24:59','2012-04-15 03:24:59'),(822,806,8,'2012-04-15 03:25:02','2012-04-15 03:25:02'),(823,807,8,'2012-04-15 03:25:07','2012-04-15 03:25:07'),(824,808,8,'2012-04-15 03:25:09','2012-04-15 03:25:09'),(825,538,8,'2012-04-15 03:25:09','2012-04-15 03:25:09'),(826,809,8,'2012-04-15 03:25:11','2012-04-15 03:25:11'),(827,810,8,'2012-04-15 03:25:13','2012-04-15 03:25:13'),(828,811,8,'2012-04-15 03:25:14','2012-04-15 03:25:14'),(829,812,8,'2012-04-15 03:25:17','2012-04-15 03:25:17'),(830,813,8,'2012-04-15 03:25:17','2012-04-15 03:25:17'),(831,306,8,'2012-04-15 03:25:20','2012-04-15 03:25:20'),(832,814,8,'2012-04-15 03:25:37','2012-04-15 03:25:37'),(833,815,8,'2012-04-15 03:25:38','2012-04-15 03:25:38'),(834,816,8,'2012-04-15 03:25:39','2012-04-15 03:25:39'),(838,820,8,'2012-04-15 03:27:04','2012-04-15 03:27:04'),(839,821,8,'2012-04-15 03:27:05','2012-04-15 03:27:05'),(840,313,8,'2012-04-15 03:27:06','2012-04-15 03:27:06'),(841,822,8,'2012-04-15 03:27:08','2012-04-15 03:27:08'),(842,823,8,'2012-04-15 03:27:09','2012-04-15 03:27:09'),(843,824,8,'2012-04-15 03:27:10','2012-04-15 03:27:10'),(844,825,8,'2012-04-15 03:27:12','2012-04-15 03:27:12'),(845,826,8,'2012-04-15 03:27:13','2012-04-15 03:27:13'),(846,827,8,'2012-04-15 03:27:14','2012-04-15 03:27:14'),(847,828,8,'2012-04-15 03:27:16','2012-04-15 03:27:16'),(848,318,8,'2012-04-15 03:27:18','2012-04-15 03:27:18'),(849,829,8,'2012-04-15 03:27:27','2012-04-15 03:27:27'),(850,830,8,'2012-04-15 03:27:29','2012-04-15 03:27:29'),(851,831,8,'2012-04-15 03:27:30','2012-04-15 03:27:30'),(852,832,8,'2012-04-15 03:27:31','2012-04-15 03:27:31'),(853,325,8,'2012-04-15 03:27:34','2012-04-15 03:27:34'),(854,833,8,'2012-04-15 03:28:00','2012-04-15 03:28:00'),(855,834,8,'2012-04-15 03:28:00','2012-04-15 03:28:00'),(856,835,8,'2012-04-15 03:28:02','2012-04-15 03:28:02'),(857,836,8,'2012-04-15 03:28:06','2012-04-15 03:28:06'),(858,837,8,'2012-04-15 03:28:08','2012-04-15 03:28:08'),(859,838,8,'2012-04-15 03:28:09','2012-04-15 03:28:09'),(860,839,8,'2012-04-15 03:28:21','2012-04-15 03:28:21'),(861,840,8,'2012-04-15 03:30:06','2012-04-15 03:30:06'),(862,841,8,'2012-04-15 03:30:08','2012-04-15 03:30:08'),(863,842,8,'2012-04-15 03:30:23','2012-04-15 03:30:23'),(864,843,8,'2012-04-15 03:30:37','2012-04-15 03:30:37'),(865,844,8,'2012-04-15 03:31:33','2012-04-15 03:31:33'),(866,845,8,'2012-04-15 03:31:35','2012-04-15 03:31:35'),(867,846,8,'2012-04-15 03:31:37','2012-04-15 03:31:37'),(868,847,8,'2012-04-15 03:31:43','2012-04-15 03:31:43'),(869,848,8,'2012-04-15 03:31:49','2012-04-15 03:31:49'),(870,849,8,'2012-04-15 03:31:50','2012-04-15 03:31:50'),(871,850,8,'2012-04-15 03:31:52','2012-04-15 03:31:52'),(872,851,8,'2012-04-15 03:31:53','2012-04-15 03:31:53'),(873,852,8,'2012-04-15 03:31:55','2012-04-15 03:31:55'),(874,853,8,'2012-04-15 03:31:56','2012-04-15 03:31:56'),(875,854,8,'2012-04-15 03:31:58','2012-04-15 03:31:58'),(876,855,8,'2012-04-15 03:32:00','2012-04-15 03:32:00'),(877,856,8,'2012-04-15 03:32:03','2012-04-15 03:32:03'),(878,857,8,'2012-04-15 03:32:05','2012-04-15 03:32:05'),(879,858,8,'2012-04-15 03:32:16','2012-04-15 03:32:16'),(880,859,8,'2012-04-15 03:32:17','2012-04-15 03:32:17'),(881,860,8,'2012-04-15 03:32:18','2012-04-15 03:32:18'),(882,861,8,'2012-04-15 03:32:20','2012-04-15 03:32:20'),(883,862,8,'2012-04-15 03:32:22','2012-04-15 03:32:22'),(884,863,8,'2012-04-15 03:32:25','2012-04-15 03:32:25'),(885,864,8,'2012-04-15 03:32:53','2012-04-15 03:32:53'),(886,865,8,'2012-04-15 03:32:54','2012-04-15 03:32:54'),(887,866,8,'2012-04-15 03:33:20','2012-04-15 03:33:20'),(888,867,8,'2012-04-15 03:33:31','2012-04-15 03:33:31'),(889,868,8,'2012-04-15 03:33:33','2012-04-15 03:33:33'),(890,869,8,'2012-04-15 03:33:40','2012-04-15 03:33:40'),(891,870,8,'2012-04-15 03:33:48','2012-04-15 03:33:48'),(892,871,8,'2012-04-15 03:33:49','2012-04-15 03:33:49'),(893,872,8,'2012-04-15 03:33:50','2012-04-15 03:33:50'),(894,873,8,'2012-04-15 03:33:55','2012-04-15 03:33:55'),(895,874,8,'2012-04-15 03:34:09','2012-04-15 03:34:09'),(896,875,8,'2012-04-15 03:34:10','2012-04-15 03:34:10'),(897,876,8,'2012-04-15 03:34:11','2012-04-15 03:34:11'),(898,877,8,'2012-04-15 03:34:13','2012-04-15 03:34:13'),(899,878,8,'2012-04-15 03:34:15','2012-04-15 03:34:15'),(900,879,8,'2012-04-15 03:36:00','2012-04-15 03:36:00'),(901,880,8,'2012-04-15 03:36:02','2012-04-15 03:36:02'),(902,881,8,'2012-04-15 03:36:17','2012-04-15 03:36:17'),(903,882,8,'2012-04-15 03:36:22','2012-04-15 03:36:22'),(905,884,8,'2012-04-15 03:36:57','2012-04-15 03:36:57'),(906,885,8,'2012-04-15 03:36:59','2012-04-15 03:36:59'),(907,886,8,'2012-04-15 03:37:20','2012-04-15 03:37:20'),(908,887,8,'2012-04-15 03:37:21','2012-04-15 03:37:21'),(909,888,8,'2012-04-15 03:37:37','2012-04-15 03:37:37'),(910,889,8,'2012-04-15 03:37:55','2012-04-15 03:37:55'),(911,890,8,'2012-04-15 03:38:12','2012-04-15 03:38:12'),(912,891,8,'2012-04-15 03:38:14','2012-04-15 03:38:14'),(913,892,8,'2012-04-15 03:38:15','2012-04-15 03:38:15'),(914,893,8,'2012-04-15 03:38:23','2012-04-15 03:38:23'),(915,894,8,'2012-04-15 03:38:24','2012-04-15 03:38:24'),(916,895,8,'2012-04-15 03:38:26','2012-04-15 03:38:26'),(917,896,8,'2012-04-15 03:38:27','2012-04-15 03:38:27'),(918,897,8,'2012-04-15 03:38:29','2012-04-15 03:38:29'),(919,898,8,'2012-04-15 03:38:30','2012-04-15 03:38:30'),(920,899,8,'2012-04-15 03:38:31','2012-04-15 03:38:31'),(921,900,8,'2012-04-15 03:38:32','2012-04-15 03:38:32'),(922,901,8,'2012-04-15 03:38:34','2012-04-15 03:38:34'),(923,902,8,'2012-04-15 03:38:38','2012-04-15 03:38:38'),(924,903,8,'2012-04-15 03:38:39','2012-04-15 03:38:39'),(925,904,8,'2012-04-15 03:38:41','2012-04-15 03:38:41'),(926,905,8,'2012-04-15 03:38:42','2012-04-15 03:38:42'),(927,906,8,'2012-04-15 03:38:43','2012-04-15 03:38:43'),(928,907,9,'2012-04-15 03:42:08','2012-04-15 03:42:08'),(929,908,9,'2012-04-15 03:42:25','2012-04-15 03:42:25'),(930,909,9,'2012-04-15 03:42:26','2012-04-15 03:42:26'),(931,910,9,'2012-04-15 03:42:31','2012-04-15 03:42:31'),(932,911,9,'2012-04-15 03:42:32','2012-04-15 03:42:32'),(933,912,9,'2012-04-15 03:42:34','2012-04-15 03:42:34'),(934,913,9,'2012-04-15 03:42:46','2012-04-15 03:42:46'),(935,914,9,'2012-04-15 03:42:47','2012-04-15 03:42:47'),(936,915,9,'2012-04-15 03:42:49','2012-04-15 03:42:49'),(937,916,9,'2012-04-15 03:42:51','2012-04-15 03:42:51'),(938,917,9,'2012-04-15 03:43:03','2012-04-15 03:43:03'),(939,918,9,'2012-04-15 03:43:05','2012-04-15 03:43:05'),(940,919,9,'2012-04-15 03:43:07','2012-04-15 03:43:07'),(941,920,9,'2012-04-15 03:43:08','2012-04-15 03:43:08'),(942,921,9,'2012-04-15 03:43:13','2012-04-15 03:43:13'),(943,922,9,'2012-04-15 03:43:14','2012-04-15 03:43:14'),(945,924,9,'2012-04-15 03:44:32','2012-04-15 03:44:32'),(946,925,9,'2012-04-15 03:44:57','2012-04-15 03:44:57'),(947,926,9,'2012-04-15 03:44:58','2012-04-15 03:44:58'),(948,927,9,'2012-04-15 03:45:00','2012-04-15 03:45:00'),(949,928,9,'2012-04-15 03:45:04','2012-04-15 03:45:04'),(950,929,9,'2012-04-15 03:45:08','2012-04-15 03:45:08'),(951,930,9,'2012-04-15 03:45:16','2012-04-15 03:45:16'),(952,931,9,'2012-04-15 03:45:25','2012-04-15 03:45:25'),(953,932,9,'2012-04-15 03:45:26','2012-04-15 03:45:26'),(954,933,9,'2012-04-15 03:45:28','2012-04-15 03:45:28'),(955,934,9,'2012-04-15 03:45:29','2012-04-15 03:45:29'),(956,935,9,'2012-04-15 03:45:31','2012-04-15 03:45:31'),(957,936,9,'2012-04-15 03:45:32','2012-04-15 03:45:32'),(958,937,9,'2012-04-15 03:45:52','2012-04-15 03:45:52'),(959,938,9,'2012-04-15 03:45:59','2012-04-15 03:45:59'),(963,942,9,'2012-04-15 03:46:25','2012-04-15 03:46:25'),(964,943,9,'2012-04-15 03:47:06','2012-04-15 03:47:06'),(965,944,9,'2012-04-15 03:47:07','2012-04-15 03:47:07'),(966,945,9,'2012-04-15 03:47:17','2012-04-15 03:47:17'),(967,946,9,'2012-04-15 03:47:44','2012-04-15 03:47:44'),(968,947,9,'2012-04-15 03:47:45','2012-04-15 03:47:45'),(969,519,9,'2012-04-15 03:47:46','2012-04-15 03:47:46'),(970,948,9,'2012-04-15 03:47:48','2012-04-15 03:47:48'),(971,949,9,'2012-04-15 03:47:50','2012-04-15 03:47:50'),(972,950,9,'2012-04-15 03:47:52','2012-04-15 03:47:52'),(974,952,9,'2012-04-15 03:48:35','2012-04-15 03:48:35'),(975,953,9,'2012-04-15 03:48:40','2012-04-15 03:48:40'),(976,954,9,'2012-04-15 03:48:42','2012-04-15 03:48:42'),(977,955,9,'2012-04-15 03:48:45','2012-04-15 03:48:45'),(978,956,9,'2012-04-15 03:49:10','2012-04-15 03:49:10'),(979,957,9,'2012-04-15 03:49:11','2012-04-15 03:49:11'),(980,958,9,'2012-04-15 03:49:18','2012-04-15 03:49:18'),(981,959,9,'2012-04-15 03:49:20','2012-04-15 03:49:20'),(982,960,9,'2012-04-15 03:49:21','2012-04-15 03:49:21'),(983,961,9,'2012-04-15 03:49:24','2012-04-15 03:49:24'),(984,962,9,'2012-04-15 03:49:26','2012-04-15 03:49:26'),(985,963,9,'2012-04-15 03:49:27','2012-04-15 03:49:27'),(986,964,9,'2012-04-15 03:49:29','2012-04-15 03:49:29'),(987,965,9,'2012-04-15 03:49:31','2012-04-15 03:49:31'),(988,966,9,'2012-04-15 03:49:32','2012-04-15 03:49:32'),(989,967,9,'2012-04-15 03:49:34','2012-04-15 03:49:34'),(990,968,9,'2012-04-15 03:49:48','2012-04-15 03:49:48'),(991,969,9,'2012-04-15 03:49:50','2012-04-15 03:49:50'),(992,970,9,'2012-04-15 03:49:51','2012-04-15 03:49:51'),(993,971,9,'2012-04-15 03:49:53','2012-04-15 03:49:53'),(994,972,9,'2012-04-15 03:49:54','2012-04-15 03:49:54'),(995,973,9,'2012-04-15 03:49:58','2012-04-15 03:49:58'),(996,974,9,'2012-04-15 03:50:10','2012-04-15 03:50:10'),(997,975,9,'2012-04-15 03:50:17','2012-04-15 03:50:17'),(998,976,9,'2012-04-15 03:50:20','2012-04-15 03:50:20'),(999,977,9,'2012-04-15 03:50:44','2012-04-15 03:50:44'),(1000,978,9,'2012-04-15 03:50:45','2012-04-15 03:50:45'),(1001,979,9,'2012-04-15 03:50:47','2012-04-15 03:50:47'),(1002,980,9,'2012-04-15 03:50:48','2012-04-15 03:50:48'),(1003,981,9,'2012-04-15 03:50:49','2012-04-15 03:50:49'),(1004,982,9,'2012-04-15 03:50:51','2012-04-15 03:50:51'),(1005,983,9,'2012-04-15 03:50:52','2012-04-15 03:50:52'),(1006,417,9,'2012-04-15 03:50:53','2012-04-15 03:50:53'),(1007,984,9,'2012-04-15 03:50:55','2012-04-15 03:50:55'),(1008,985,9,'2012-04-15 03:50:56','2012-04-15 03:50:56'),(1009,986,9,'2012-04-15 03:50:57','2012-04-15 03:50:57'),(1010,987,9,'2012-04-15 03:50:58','2012-04-15 03:50:58'),(1011,988,9,'2012-04-15 03:50:59','2012-04-15 03:50:59'),(1012,422,9,'2012-04-15 03:51:02','2012-04-15 03:51:02'),(1013,989,9,'2012-04-15 03:51:04','2012-04-15 03:51:04'),(1014,990,9,'2012-04-15 03:51:05','2012-04-15 03:51:05'),(1015,991,9,'2012-04-15 03:51:07','2012-04-15 03:51:07'),(1016,992,9,'2012-04-15 03:51:08','2012-04-15 03:51:08'),(1017,993,9,'2012-04-15 03:51:12','2012-04-15 03:51:12'),(1018,430,9,'2012-04-15 03:51:15','2012-04-15 03:51:15'),(1019,994,9,'2012-04-15 03:51:28','2012-04-15 03:51:28'),(1020,995,9,'2012-04-15 03:51:29','2012-04-15 03:51:29'),(1022,996,9,'2012-04-15 03:51:37','2012-04-15 03:51:37'),(1023,997,9,'2012-04-15 03:51:38','2012-04-15 03:51:38'),(1024,435,9,'2012-04-15 03:51:40','2012-04-15 03:51:40'),(1025,998,9,'2012-04-15 03:51:42','2012-04-15 03:51:42'),(1026,999,9,'2012-04-15 03:51:44','2012-04-15 03:51:44'),(1027,1000,9,'2012-04-15 03:51:46','2012-04-15 03:51:46'),(1029,1001,9,'2012-04-15 03:51:55','2012-04-15 03:51:55'),(1030,440,9,'2012-04-15 03:51:56','2012-04-15 03:51:56'),(1031,1002,9,'2012-04-15 03:52:05','2012-04-15 03:52:05'),(1032,1003,9,'2012-04-15 03:52:07','2012-04-15 03:52:07'),(1033,1004,9,'2012-04-15 03:52:09','2012-04-15 03:52:09'),(1034,1005,9,'2012-04-15 03:52:11','2012-04-15 03:52:11'),(1035,1006,9,'2012-04-15 03:52:12','2012-04-15 03:52:12'),(1036,1007,9,'2012-04-15 03:52:13','2012-04-15 03:52:13'),(1037,1008,9,'2012-04-15 03:52:15','2012-04-15 03:52:15'),(1038,1009,9,'2012-04-15 03:52:17','2012-04-15 03:52:17'),(1039,452,9,'2012-04-15 03:52:18','2012-04-15 03:52:18'),(1040,1010,9,'2012-04-15 03:52:22','2012-04-15 03:52:22'),(1041,1011,9,'2012-04-15 03:52:26','2012-04-15 03:52:26'),(1042,1012,9,'2012-04-15 03:52:27','2012-04-15 03:52:27'),(1043,1013,9,'2012-04-15 03:52:29','2012-04-15 03:52:29'),(1044,1014,9,'2012-04-15 03:52:31','2012-04-15 03:52:31'),(1045,1015,9,'2012-04-15 03:52:37','2012-04-15 03:52:37'),(1046,1016,9,'2012-04-15 03:52:41','2012-04-15 03:52:41'),(1047,1017,9,'2012-04-15 03:52:41','2012-04-15 03:52:41'),(1048,1018,9,'2012-04-15 03:52:42','2012-04-15 03:52:42'),(1049,1019,9,'2012-04-15 03:52:43','2012-04-15 03:52:43'),(1050,1020,9,'2012-04-15 03:52:44','2012-04-15 03:52:44'),(1051,1021,9,'2012-04-15 03:53:02','2012-04-15 03:53:02'),(1052,1022,9,'2012-04-15 03:53:03','2012-04-15 03:53:03'),(1053,1023,9,'2012-04-15 03:53:05','2012-04-15 03:53:05'),(1054,1024,9,'2012-04-15 03:53:22','2012-04-15 03:53:22'),(1055,1025,9,'2012-04-15 03:53:24','2012-04-15 03:53:24'),(1056,1026,9,'2012-04-15 03:53:33','2012-04-15 03:53:33'),(1057,1027,9,'2012-04-15 03:53:39','2012-04-15 03:53:39'),(1058,1028,9,'2012-04-15 03:53:43','2012-04-15 03:53:43'),(1059,1029,9,'2012-04-15 03:53:46','2012-04-15 03:53:46'),(1060,1030,9,'2012-04-15 03:53:49','2012-04-15 03:53:49'),(1061,1031,9,'2012-04-15 03:53:50','2012-04-15 03:53:50'),(1062,1032,9,'2012-04-15 03:54:01','2012-04-15 03:54:01'),(1063,1033,9,'2012-04-15 03:54:02','2012-04-15 03:54:02'),(1064,1034,9,'2012-04-15 03:54:04','2012-04-15 03:54:04'),(1065,1035,9,'2012-04-15 03:54:06','2012-04-15 03:54:06'),(1066,1036,9,'2012-04-15 03:54:08','2012-04-15 03:54:08'),(1067,1037,9,'2012-04-15 03:54:10','2012-04-15 03:54:10'),(1070,1040,9,'2012-04-15 03:54:48','2012-04-15 03:54:48'),(1071,1041,9,'2012-04-15 03:54:50','2012-04-15 03:54:50'),(1072,1042,9,'2012-04-15 03:54:51','2012-04-15 03:54:51'),(1073,1043,9,'2012-04-15 03:54:53','2012-04-15 03:54:53'),(1074,1044,9,'2012-04-15 03:54:54','2012-04-15 03:54:54'),(1075,1045,9,'2012-04-15 03:54:57','2012-04-15 03:54:57'),(1076,1046,9,'2012-04-15 03:54:59','2012-04-15 03:54:59'),(1077,1047,9,'2012-04-15 03:55:00','2012-04-15 03:55:00'),(1078,1048,9,'2012-04-15 03:55:02','2012-04-15 03:55:02'),(1079,1049,9,'2012-04-15 03:55:03','2012-04-15 03:55:03'),(1080,1050,9,'2012-04-15 03:55:05','2012-04-15 03:55:05'),(1081,1051,9,'2012-04-15 03:55:09','2012-04-15 03:55:09'),(1082,1052,9,'2012-04-15 03:55:20','2012-04-15 03:55:20');
/*!40000 ALTER TABLE `route_connections` ENABLE KEYS */;
UNLOCK TABLES;

--
-- Table structure for table `routes`
--

DROP TABLE IF EXISTS `routes`;
/*!40101 SET @saved_cs_client     = @@character_set_client */;
/*!40101 SET character_set_client = utf8 */;
CREATE TABLE `routes` (
  `id` int(11) NOT NULL AUTO_INCREMENT,
  `name` varchar(255) COLLATE utf8_unicode_ci DEFAULT NULL,
  `key` varchar(255) COLLATE utf8_unicode_ci DEFAULT NULL,
  `created_at` datetime NOT NULL,
  `updated_at` datetime NOT NULL,
  PRIMARY KEY (`id`)
) ENGINE=InnoDB AUTO_INCREMENT=11 DEFAULT CHARSET=utf8 COLLATE=utf8_unicode_ci;
/*!40101 SET character_set_client = @saved_cs_client */;

--
-- Dumping data for table `routes`
--

LOCK TABLES `routes` WRITE;
/*!40000 ALTER TABLE `routes` DISABLE KEYS */;
INSERT INTO `routes` VALUES (2,'01 => Cygański Las',NULL,'2012-04-14 07:12:49','2012-04-14 07:40:00'),(4,'12 => Hałcnów Kościół',NULL,'2012-04-14 14:17:33','2012-04-14 14:17:33'),(5,'01 => Osiedle Beskidzkie',NULL,'2012-04-14 20:31:00','2012-04-14 20:31:00'),(6,'02 => Osiedle Kopernika',NULL,'2012-04-15 02:27:50','2012-04-15 02:27:50'),(7,'02 => Mikuszowice Stalownik',NULL,'2012-04-15 02:52:28','2012-04-15 02:52:28'),(8,'03 => Komorowice Sosna',NULL,'2012-04-15 03:06:51','2012-04-15 03:06:51'),(9,'04 => Osiedle Polskich Skrzydeł',NULL,'2012-04-15 03:41:33','2012-04-15 03:41:33');
/*!40000 ALTER TABLE `routes` ENABLE KEYS */;
UNLOCK TABLES;

--
-- Table structure for table `schema_migrations`
--

DROP TABLE IF EXISTS `schema_migrations`;
/*!40101 SET @saved_cs_client     = @@character_set_client */;
/*!40101 SET character_set_client = utf8 */;
CREATE TABLE `schema_migrations` (
  `version` varchar(255) COLLATE utf8_unicode_ci NOT NULL,
  UNIQUE KEY `unique_schema_migrations` (`version`)
) ENGINE=InnoDB DEFAULT CHARSET=utf8 COLLATE=utf8_unicode_ci;
/*!40101 SET character_set_client = @saved_cs_client */;

--
-- Dumping data for table `schema_migrations`
--

LOCK TABLES `schema_migrations` WRITE;
/*!40000 ALTER TABLE `schema_migrations` DISABLE KEYS */;
INSERT INTO `schema_migrations` VALUES ('20120413190403'),('20120413210410'),('20120413210411'),('20120413210412'),('20120413210413'),('20120414075409'),('20120414075740');
/*!40000 ALTER TABLE `schema_migrations` ENABLE KEYS */;
UNLOCK TABLES;
/*!40103 SET TIME_ZONE=@OLD_TIME_ZONE */;

/*!40101 SET SQL_MODE=@OLD_SQL_MODE */;
/*!40014 SET FOREIGN_KEY_CHECKS=@OLD_FOREIGN_KEY_CHECKS */;
/*!40014 SET UNIQUE_CHECKS=@OLD_UNIQUE_CHECKS */;
/*!40101 SET CHARACTER_SET_CLIENT=@OLD_CHARACTER_SET_CLIENT */;
/*!40101 SET CHARACTER_SET_RESULTS=@OLD_CHARACTER_SET_RESULTS */;
/*!40101 SET COLLATION_CONNECTION=@OLD_COLLATION_CONNECTION */;
/*!40111 SET SQL_NOTES=@OLD_SQL_NOTES */;

-- Dump completed on 2012-04-15 12:45:24
